[{"model": "Mainapp.user", "pk": "3f12fadd-d048-4cde-a1ef-06267edace3c", "fields": {"last_login": "2025-02-27T07:20:16Z", "user_type": "reporting", "sub_user_type": null, "first_name": "a", "last_name": "d", "username": "admin", "email_id": "admin@gmail.com", "phone_no": "1234567890", "country_code": null, "password": "pbkdf2_sha256$870000$FnvQiI7BLPA0VuHd8wvxSL$vabp2PR6cBAiZioCGg0D7PrCcHhu/uvfUv0pHE19rnM=", "salt": null, "is_consent": true, "status": "active", "person": null, "contact": null, "consent_id": null, "created_at": "2025-02-27T07:19:45.647Z", "updated_at": "2025-03-06T05:32:28.062Z", "created_by": null, "updated_by": null, "is_superuser": true, "is_active": true, "is_staff": true, "groups": [], "user_permissions": []}}, {"model": "Mainapp.user", "pk": "58621891-3ef8-4a16-8864-da4fa82ec79f", "fields": {"last_login": "2025-03-06T05:32:05.782Z", "user_type": "reporting", "sub_user_type": null, "first_name": "", "last_name": "", "username": "s", "email_id": "s@gmail.com", "phone_no": "78855555", "country_code": null, "password": "pbkdf2_sha256$870000$TRmiUarAMkcm4TGTcZCpO3$JFE/bTr2f/S57JU50flH/xMDvu3g7GFz3pJbx285LeQ=", "salt": null, "is_consent": false, "status": "active", "person": null, "contact": null, "consent_id": null, "created_at": "2025-03-06T05:31:48.959Z", "updated_at": "2025-03-06T05:31:48.959Z", "created_by": null, "updated_by": null, "is_superuser": true, "is_active": true, "is_staff": true, "groups": [], "user_permissions": []}}, {"model": "Mainapp.user", "pk": "79783ce3-2694-41c6-aa34-94f842c1c1bc", "fields": {"last_login": "2025-03-01T06:13:01.615Z", "user_type": "reporting", "sub_user_type": null, "first_name": "", "last_name": "", "username": "sanketlodhe", "email_id": "sanket@gmail.com", "phone_no": "1122336655", "country_code": null, "password": "pbkdf2_sha256$870000$asoonFtWh04okeUlcEpsg0$9oFWyPiZmY4Y7oyjPz6SINrOrqX3EZ/ScENEdgiDMGk=", "salt": null, "is_consent": false, "status": "active", "person": null, "contact": null, "consent_id": null, "created_at": "2025-03-01T06:12:31.855Z", "updated_at": "2025-03-01T06:12:31.855Z", "created_by": null, "updated_by": null, "is_superuser": true, "is_active": true, "is_staff": true, "groups": [], "user_permissions": []}}, {"model": "Mainapp.policestation", "pk": "475008b6-6257-48f0-b65c-08e8a9d5aedb", "fields": {"name": "Bharti police station", "phone_no": "9923666493", "address": "2472df5e-21df-4b9c-9f2e-932f9385eac2", "created_at": "2025-03-03T06:07:22.918Z", "updated_at": "2025-03-03T06:08:47.620Z", "created_by": "3f12fadd-d048-4cde-a1ef-06267edace3c", "updated_by": "3f12fadd-d048-4cde-a1ef-06267edace3c"}}, {"model": "Mainapp.address", "pk": "1f17e56e-7f1f-4b30-8c78-58b9af56d9ce", "fields": {"address_type": "CURRENT", "street": "", "appartment_no": "", "appartment_name": "", "village": "", "city": "", "district": "", "state": "", "pincode": "", "country": "", "landmark_details": "", "location": "SRID=4326;POINT (74.8567 17.5204)", "is_active": true, "user": null, "person": null, "country_code": null, "created_at": "2025-03-05T06:47:52.369Z", "updated_at": "2025-03-05T06:47:52.369Z", "created_by": null, "updated_by": null}}, {"model": "Mainapp.address", "pk": "2472df5e-21df-4b9c-9f2e-932f9385eac2", "fields": {"address_type": "PERMANENT", "street": "125", "appartment_no": "20", "appartment_name": null, "village": "Nigadi", "city": "Pune", "district": "Pune", "state": "Maharashtra", "pincode": "145214", "country": "India", "landmark_details": "paragraph", "location": "SRID=4326;POINT (73.853657 18.476688)", "is_active": true, "user": null, "person": null, "country_code": null, "created_at": "2025-03-03T04:48:35.789Z", "updated_at": "2025-03-04T06:00:35.000Z", "created_by": null, "updated_by": null}}, {"model": "Mainapp.address", "pk": "3e56af7c-f285-4d7c-bb5a-3920fad541a3", "fields": {"address_type": "OFFICE", "street": "abcd", "appartment_no": "120", "appartment_name": "sagar", "village": "nagar", "city": "nagar", "district": "Nagar", "state": "Maharashtra", "pincode": "414502", "country": "India", "landmark_details": "aaaaaaaaaa", "location": "SRID=4326;POINT (73.8567 15.5204)", "is_active": true, "user": null, "person": "977b76d5-f4c7-4955-b239-b232ace34b39", "country_code": null, "created_at": "2025-03-05T09:14:09.949Z", "updated_at": "2025-03-05T09:14:09.949Z", "created_by": null, "updated_by": null}}, {"model": "Mainapp.address", "pk": "5692669f-601c-4831-a8f7-e123bd0c1a75", "fields": {"address_type": "CURRENT", "street": "", "appartment_no": "", "appartment_name": "", "village": "", "city": "", "district": "", "state": "", "pincode": "", "country": "", "landmark_details": "", "location": null, "is_active": true, "user": null, "person": null, "country_code": null, "created_at": "2025-03-05T06:28:30.279Z", "updated_at": "2025-03-05T06:28:30.280Z", "created_by": null, "updated_by": null}}, {"model": "Mainapp.address", "pk": "6b440dc1-e76f-445d-a9c0-d4b265d188bb", "fields": {"address_type": "CURRENT", "street": "", "appartment_no": "", "appartment_name": "", "village": "", "city": "", "district": "", "state": "", "pincode": "", "country": "", "landmark_details": "", "location": "SRID=4326;POINT (73.8567 18.5204)", "is_active": true, "user": null, "person": null, "country_code": null, "created_at": "2025-03-05T06:46:51.862Z", "updated_at": "2025-03-05T06:46:51.862Z", "created_by": null, "updated_by": null}}, {"model": "Mainapp.address", "pk": "7b144c31-2c2c-41eb-a8a6-4f3cdb49bbe7", "fields": {"address_type": "HOME", "street": "abc", "appartment_no": "201", "appartment_name": "214", "village": "Bhosari", "city": "Prayagraj", "district": "Jabalpur", "state": "Uttar Pradesh", "pincode": null, "country": "India", "landmark_details": null, "location": "SRID=4326;POINT (81.874512 25.431369)", "is_active": true, "user": null, "person": null, "country_code": null, "created_at": "2025-03-03T12:01:15.157Z", "updated_at": "2025-03-04T09:18:27.106Z", "created_by": null, "updated_by": null}}, {"model": "Mainapp.address", "pk": "8632e69f-8781-41ba-b341-2407fe975107", "fields": {"address_type": "OFFICE", "street": null, "appartment_no": null, "appartment_name": null, "village": null, "city": null, "district": null, "state": "Maharashtra", "pincode": null, "country": "India", "landmark_details": null, "location": "SRID=4326;POINT (74.8567 17.5204)", "is_active": true, "user": null, "person": null, "country_code": null, "created_at": "2025-03-05T09:00:00.174Z", "updated_at": "2025-03-06T12:43:52.827Z", "created_by": null, "updated_by": null}}, {"model": "Mainapp.address", "pk": "a0bdc736-7b75-431c-88a9-d84eb3d8a85e", "fields": {"address_type": "CURRENT", "street": "", "appartment_no": "", "appartment_name": "", "village": "", "city": "", "district": "", "state": "", "pincode": "", "country": "", "landmark_details": "", "location": null, "is_active": true, "user": null, "person": null, "country_code": null, "created_at": "2025-03-05T06:41:25.796Z", "updated_at": "2025-03-05T06:41:25.796Z", "created_by": null, "updated_by": null}}, {"model": "Mainapp.address", "pk": "a0faafc3-0186-452c-97ad-26601035a1a0", "fields": {"address_type": "CURRENT", "street": "", "appartment_no": "", "appartment_name": "", "village": "", "city": "", "district": "", "state": "", "pincode": "", "country": "", "landmark_details": "", "location": "SRID=4326;POINT (73.8567 18.5204)", "is_active": true, "user": null, "person": null, "country_code": null, "created_at": "2025-03-05T06:47:52.368Z", "updated_at": "2025-03-05T06:47:52.368Z", "created_by": null, "updated_by": null}}, {"model": "Mainapp.address", "pk": "fd4f7abd-352d-4d7e-b7d4-19a23684a911", "fields": {"address_type": "CURRENT", "street": "", "appartment_no": "", "appartment_name": "", "village": "", "city": "", "district": "", "state": "", "pincode": "", "country": "", "landmark_details": "", "location": null, "is_active": true, "user": null, "person": null, "country_code": null, "created_at": "2025-03-05T06:24:54.726Z", "updated_at": "2025-03-05T06:24:54.726Z", "created_by": null, "updated_by": null}}, {"model": "Mainapp.person", "pk": "0fb57a44-3b49-4ed7-a7ae-63c32e964aad", "fields": {"type": "Missing Person", "full_name": "Rahul Bansal", "birth_date": null, "age": 33, "birthtime": null, "gender": "Male", "birthplace": null, "height": 170, "weight": 65, "blood_group": "A-", "complexion": "Wheatish", "hair_color": "Black", "hair_type": "Short", "eye_color": "Brown", "condition": null, "Body_Condition": null, "birth_mark": "Mole on neck", "distinctive_mark": "Always wears a wristwatch", "hospital": null, "document_ids": null, "created_at": "2025-03-06T13:03:50.866Z", "updated_at": "2025-03-06T13:03:50.866Z", "created_by": null, "updated_by": null, "_is_deleted": false, "_is_confirmed": false, "photo_photo": "", "date_reported": "2025-03-06", "case_status": "pending", "address_type": null, "street": "Rohini", "appartment_no": "E606", "appartment_name": "Urban Heights", "village": "North Delhi", "city": "Delhi", "district": "North Delhi", "state": "Delhi", "pincode": "110085", "country": "India", "landmark_details": "Near Metro Walk Mall", "location": "SRID=4326;POINT (77.1178 28.7156)", "is_active": true, "country_code": "", "match_entity_id": null, "match_type": null}}, {"model": "Mainapp.person", "pk": "19f423ff-62f2-4c9d-9068-5f058507a7d2", "fields": {"type": "Unidentified Person", "full_name": "Shantabai Khambare", "birth_date": null, "age": 65, "birthtime": null, "gender": "female", "birthplace": "abc", "height": 154, "weight": 75, "blood_group": "B", "complexion": "light", "hair_color": "brown", "hair_type": "DOTTED", "eye_color": "BLUE", "condition": "MEMORY_LOSS", "Body_Condition": "UNSTABLE", "birth_mark": "NA", "distinctive_mark": "abc", "hospital": null, "document_ids": "", "created_at": "2025-03-06T09:03:24.641Z", "updated_at": "2025-03-06T10:14:12.032Z", "created_by": null, "updated_by": null, "_is_deleted": false, "_is_confirmed": false, "photo_photo": "All_Photos/Gyanti-devi-1.jpg", "date_reported": "2025-03-06", "case_status": "Pending", "address_type": "CURRENT", "street": "Swargate Road", "appartment_no": "A101", "appartment_name": "Swargate Residency", "village": "Swargate", "city": "Pune", "district": "Pune", "state": "Maharashtra", "pincode": "411042", "country": "India", "landmark_details": "Near Swargate Bus Depot", "location": "SRID=4326;POINT (73.8587 18.501)", "is_active": true, "country_code": "", "match_entity_id": null, "match_type": null}}, {"model": "Mainapp.person", "pk": "1aa649e4-8c7e-422d-b36a-fc618ea559d8", "fields": {"type": "Missing Person", "full_name": "Priya Sharma", "birth_date": null, "age": 26, "birthtime": null, "gender": "Female", "birthplace": null, "height": 158, "weight": 54, "blood_group": "O+", "complexion": "Fair", "hair_color": "Black", "hair_type": "Straight", "eye_color": "Black", "condition": null, "Body_Condition": null, "birth_mark": "Tiny mole under left eye", "distinctive_mark": "Silver anklet on left foot", "hospital": null, "document_ids": null, "created_at": "2025-03-06T12:59:28.343Z", "updated_at": "2025-03-06T12:59:28.343Z", "created_by": null, "updated_by": null, "_is_deleted": false, "_is_confirmed": false, "photo_photo": "", "date_reported": "2025-03-06", "case_status": "pending", "address_type": null, "street": "Kalyani Nagar", "appartment_no": "J404", "appartment_name": "Royal Heritage", "village": "Viman Nagar", "city": "Pune", "district": "Pune", "state": "Maharashtra", "pincode": "411014", "country": "India", "landmark_details": "Near Jogger's Park", "location": "SRID=4326;POINT (73.9123 18.5679)", "is_active": true, "country_code": "", "match_entity_id": null, "match_type": null}}, {"model": "Mainapp.person", "pk": "210c46d3-7cac-44c7-b0a1-5244af37ddd1", "fields": {"type": "Missing Person", "full_name": "Ramdas Jagtap", "birth_date": null, "age": 40, "birthtime": null, "gender": "male", "birthplace": "xyz", "height": 170, "weight": 70, "blood_group": null, "complexion": null, "hair_color": null, "hair_type": null, "eye_color": null, "condition": null, "Body_Condition": null, "birth_mark": "Mole on left cheek", "distinctive_mark": "Tattoo on right hand", "hospital": null, "document_ids": "", "created_at": "2025-03-06T12:19:53.022Z", "updated_at": "2025-03-06T12:51:22.054Z", "created_by": null, "updated_by": null, "_is_deleted": false, "_is_confirmed": false, "photo_photo": "", "date_reported": "2025-03-06", "case_status": "Resolved", "address_type": null, "street": "MG Road", "appartment_no": "B202", "appartment_name": "Allora Palace", "village": "Deccan", "city": "Pune", "district": "Pune", "state": "Maharashtra", "pincode": "411001", "country": "India", "landmark_details": "Near SGS Mall", "location": "SRID=4326;POINT (73.8987 18.5555)", "is_active": true, "country_code": "", "match_entity_id": null, "match_type": null}}, {"model": "Mainapp.person", "pk": "243bb459-73a5-49f6-98ca-f345044cd67b", "fields": {"type": "Missing Person", "full_name": "Kumar shrama", "birth_date": "1985-03-06", "age": 70, "birthtime": null, "gender": "male", "birthplace": "abc", "height": 160, "weight": 70, "blood_group": "B", "complexion": "light", "hair_color": "white", "hair_type": "SHORT", "eye_color": "BROWN", "condition": "ANXIETY", "Body_Condition": "FRESH", "birth_mark": "NA", "distinctive_mark": "abc", "hospital": null, "document_ids": "", "created_at": "2025-03-06T08:59:43.785Z", "updated_at": "2025-03-06T09:19:17.569Z", "created_by": null, "updated_by": null, "_is_deleted": false, "_is_confirmed": false, "photo_photo": "All_Photos/Ramana-Rao-Missing.png", "date_reported": "2025-03-06", "case_status": "Pending", "address_type": "HOME", "street": "Calangute", "appartment_no": null, "appartment_name": null, "village": null, "city": "Goa", "district": "North Goa", "state": "Goa", "pincode": "403516", "country": "India", "landmark_details": "Near Calangute Beach", "location": "SRID=4326;POINT (74.124 15.2993)", "is_active": true, "country_code": "", "match_entity_id": null, "match_type": null}}, {"model": "Mainapp.person", "pk": "380a4d89-17b5-4338-b9ac-4f3bd7bca904", "fields": {"type": "Missing Person", "full_name": "Anuj pathak", "birth_date": "1988-03-06", "age": 40, "birthtime": null, "gender": "male", "birthplace": "abc", "height": 154, "weight": 80, "blood_group": "O", "complexion": "light", "hair_color": "red", "hair_type": "BROAD", "eye_color": "YELLOW", "condition": "CHEST_PAIN", "Body_Condition": "FRESH", "birth_mark": "NA", "distinctive_mark": "abc", "hospital": null, "document_ids": "", "created_at": "2025-03-06T09:05:08.218Z", "updated_at": "2025-03-06T09:13:26.014Z", "created_by": null, "updated_by": null, "_is_deleted": false, "_is_confirmed": false, "photo_photo": "All_Photos/Prashant-Khobragade-.jpg", "date_reported": "2025-03-06", "case_status": "Resolved", "address_type": "CURRENT", "street": "Bibwewadi Kondhwa Road", "appartment_no": "C303", "appartment_name": "Bibwewadi Heights", "village": "Bibwewadi", "city": "Pune", "district": "Pune", "state": "Maharashtra", "pincode": "411037", "country": "India", "landmark_details": "Near Bibwewadi Market", "location": "SRID=4326;POINT (73.8665 18.4809)", "is_active": true, "country_code": "", "match_entity_id": null, "match_type": null}}, {"model": "Mainapp.person", "pk": "3e0202f7-1444-40de-bc34-d79f11b4cd39", "fields": {"type": "Missing Person", "full_name": "Suresh Kulkarni", "birth_date": null, "age": 30, "birthtime": null, "gender": "Male", "birthplace": null, "height": 178, "weight": 75, "blood_group": "O-", "complexion": "Wheatish", "hair_color": "Black", "hair_type": "Wavy", "eye_color": "Brown", "condition": null, "Body_Condition": null, "birth_mark": "Mole on left arm", "distinctive_mark": "Tattoo of 'OM' on right wrist", "hospital": null, "document_ids": null, "created_at": "2025-03-06T12:57:55.232Z", "updated_at": "2025-03-06T12:57:55.232Z", "created_by": null, "updated_by": null, "_is_deleted": false, "_is_confirmed": false, "photo_photo": "", "date_reported": "2025-03-06", "case_status": "pending", "address_type": null, "street": "FC Road", "appartment_no": "G101", "appartment_name": "Blue Moon Apartments", "village": "Shivaji Nagar", "city": "Pune", "district": "Pune", "state": "Maharashtra", "pincode": "411005", "country": "India", "landmark_details": "Near Vaishali Restaurant", "location": "SRID=4326;POINT (73.8545 18.5214)", "is_active": true, "country_code": "", "match_entity_id": null, "match_type": null}}, {"model": "Mainapp.person", "pk": "462f8299-3b1a-4bde-92d5-04add89dfa78", "fields": {"type": "Unidentified Person", "full_name": "Ramesh Garje", "birth_date": "1990-03-06", "age": 35, "birthtime": null, "gender": "male", "birthplace": "abc", "height": 165, "weight": 80, "blood_group": "A", "complexion": "medium", "hair_color": "purple", "hair_type": "BROAD", "eye_color": "GREEN", "condition": "HEADACHE", "Body_Condition": "NORMAL", "birth_mark": "NA", "distinctive_mark": "abc", "hospital": null, "document_ids": "", "created_at": "2025-03-06T09:05:34.621Z", "updated_at": "2025-03-06T10:14:03.339Z", "created_by": null, "updated_by": null, "_is_deleted": false, "_is_confirmed": false, "photo_photo": "All_Photos/Prashant-Shantaram-Dhumal-1.jpg", "date_reported": "2025-03-06", "case_status": "Pending", "address_type": "CURRENT", "street": "Balajinagar Road", "appartment_no": "D404", "appartment_name": "Balaji Complex", "village": "Balajinagar", "city": "Pune", "district": "Pune", "state": "Maharashtra", "pincode": "411043", "country": "India", "landmark_details": "Near Balaji Temple", "location": "SRID=4326;POINT (73.8562 18.4783)", "is_active": true, "country_code": "", "match_entity_id": null, "match_type": null}}, {"model": "Mainapp.person", "pk": "47974afb-dffc-446e-a1f8-f8071efdfcfb", "fields": {"type": "Missing Person", "full_name": "Arjun Mehta", "birth_date": null, "age": 29, "birthtime": null, "gender": "Male", "birthplace": null, "height": 174, "weight": 72, "blood_group": "B-", "complexion": "Wheatish", "hair_color": "Brown", "hair_type": "Short", "eye_color": "Black", "condition": null, "Body_Condition": null, "birth_mark": "Small scar on right knee", "distinctive_mark": "Always carries a black backpack", "hospital": null, "document_ids": null, "created_at": "2025-03-06T13:00:03.727Z", "updated_at": "2025-03-06T13:00:03.727Z", "created_by": null, "updated_by": null, "_is_deleted": false, "_is_confirmed": false, "photo_photo": "", "date_reported": "2025-03-06", "case_status": "pending", "address_type": null, "street": "Karol Bagh", "appartment_no": "K505", "appartment_name": "Green View Residency", "village": "West Delhi", "city": "Delhi", "district": "West Delhi", "state": "Delhi", "pincode": "110005", "country": "India", "landmark_details": "Near Ajmal Khan Road", "location": "SRID=4326;POINT (77.1893 28.6505)", "is_active": true, "country_code": "", "match_entity_id": null, "match_type": null}}, {"model": "Mainapp.person", "pk": "53bfaa36-7582-4956-bc44-aeb891c24a13", "fields": {"type": "Unidentified Person", "full_name": "Yogesh Kale", "birth_date": "1989-03-05", "age": 44, "birthtime": null, "gender": "male", "birthplace": "abc", "height": 154, "weight": 55, "blood_group": "A", "complexion": "dark", "hair_color": "red", "hair_type": "BROAD", "eye_color": "BLUE", "condition": "ANXIETY", "Body_Condition": "EXCESS", "birth_mark": "NA", "distinctive_mark": "abc", "hospital": null, "document_ids": "", "created_at": "2025-03-05T09:09:15.623Z", "updated_at": "2025-03-06T11:06:02.285Z", "created_by": "3f12fadd-d048-4cde-a1ef-06267edace3c", "updated_by": "3f12fadd-d048-4cde-a1ef-06267edace3c", "_is_deleted": false, "_is_confirmed": false, "photo_photo": "All_Photos/Subash.jpg", "date_reported": "2025-03-06", "case_status": "Resolved", "address_type": "PERMANENT", "street": null, "appartment_no": null, "appartment_name": null, "village": "Nigadi", "city": "Pune", "district": "katraj", "state": "Maharashtra", "pincode": "47895", "country": "India", "landmark_details": null, "location": "SRID=4326;POINT (73.8567 18.5204)", "is_active": true, "country_code": null, "match_entity_id": null, "match_type": null}}, {"model": "Mainapp.person", "pk": "57d3ee94-b22d-4e14-bdea-03fe68a97d6e", "fields": {"type": "Unidentified Person", "full_name": "Neha Kulkarni", "birth_date": "1994-09-15", "age": 30, "birthtime": null, "gender": "female", "birthplace": "Satara", "height": 160, "weight": 55, "blood_group": null, "complexion": null, "hair_color": null, "hair_type": null, "eye_color": null, "condition": null, "Body_Condition": null, "birth_mark": "Birthmark on left hand", "distinctive_mark": "Small cut mark on forehead", "hospital": null, "document_ids": "", "created_at": "2025-03-06T12:29:23.944Z", "updated_at": "2025-03-06T12:54:18.649Z", "created_by": null, "updated_by": null, "_is_deleted": false, "_is_confirmed": false, "photo_photo": "", "date_reported": "2025-03-06", "case_status": "Resolved", "address_type": null, "street": "Mahatma Gandhi Road", "appartment_no": "F101", "appartment_name": "Emerald Residency", "village": "Satara", "city": "Satara", "district": "Satara", "state": "Maharashtra", "pincode": "415002", "country": "India", "landmark_details": "Near Rajwada Fort", "location": "SRID=4326;POINT (74.0183 17.68)", "is_active": true, "country_code": "", "match_entity_id": null, "match_type": null}}, {"model": "Mainapp.person", "pk": "5c72d565-cfce-4d5a-aa7a-f6c9a63e0e0f", "fields": {"type": "Missing Person", "full_name": "Shyam Rajput", "birth_date": "2001-03-06", "age": 25, "birthtime": null, "gender": "male", "birthplace": "abc", "height": 175, "weight": 77, "blood_group": "A", "complexion": "dark", "hair_color": "white", "hair_type": "BROAD", "eye_color": "BROWN", "condition": "MEMORY_LOSS", "Body_Condition": "FRESH", "birth_mark": "NA", "distinctive_mark": "abc", "hospital": null, "document_ids": "", "created_at": "2025-03-06T09:05:58.536Z", "updated_at": "2025-03-06T12:49:04.253Z", "created_by": "79783ce3-2694-41c6-aa34-94f842c1c1bc", "updated_by": null, "_is_deleted": false, "_is_confirmed": false, "photo_photo": "All_Photos/Abhishek-Rana-320x220.png", "date_reported": "2025-03-06", "case_status": "Pending", "address_type": "PERMANENT", "street": "Satara Road", "appartment_no": "E505", "appartment_name": "Satara Apartments", "village": "Swargate", "city": "Pune", "district": "Pune", "state": "Maharashtra", "pincode": "411009", "country": "India", "landmark_details": "Near Nehru Stadium", "location": "SRID=4326;POINT (73.8565 18.4953)", "is_active": true, "country_code": "", "match_entity_id": null, "match_type": null}}, {"model": "Mainapp.person", "pk": "75c5c61d-7a79-4707-acec-98c2aeef0dfb", "fields": {"type": "Missing Person", "full_name": "Simran Arora", "birth_date": null, "age": 29, "birthtime": null, "gender": "Female", "birthplace": null, "height": 160, "weight": 55, "blood_group": "O+", "complexion": "Fair", "hair_color": "Black", "hair_type": "Curly", "eye_color": "Brown", "condition": null, "Body_Condition": null, "birth_mark": "Birthmark on right wrist", "distinctive_mark": "Always wears a pearl bracelet", "hospital": null, "document_ids": null, "created_at": "2025-03-06T13:03:11.539Z", "updated_at": "2025-03-06T13:03:11.539Z", "created_by": null, "updated_by": null, "_is_deleted": false, "_is_confirmed": false, "photo_photo": "", "date_reported": "2025-03-06", "case_status": "pending", "address_type": null, "street": "Lajpat Nagar", "appartment_no": "C404", "appartment_name": "Elite Residency", "village": "South Delhi", "city": "Delhi", "district": "South Delhi", "state": "Delhi", "pincode": "110024", "country": "India", "landmark_details": "Near Central Market", "location": "SRID=4326;POINT (77.2456 28.5678)", "is_active": true, "country_code": "", "match_entity_id": null, "match_type": null}}, {"model": "Mainapp.person", "pk": "784c27d1-fb58-42e7-8732-3f6fdb670d5e", "fields": {"type": "Unidentified Body", "full_name": "Shnkar Rana", "birth_date": "2005-03-06", "age": 18, "birthtime": null, "gender": "male", "birthplace": "abc", "height": 154, "weight": 58, "blood_group": "AB", "complexion": "dark", "hair_color": "red", "hair_type": "BROAD", "eye_color": "GRAY", "condition": null, "Body_Condition": null, "birth_mark": "NA", "distinctive_mark": "abc", "hospital": null, "document_ids": "", "created_at": "2025-03-06T09:04:37.028Z", "updated_at": "2025-03-06T10:14:36.398Z", "created_by": null, "updated_by": null, "_is_deleted": false, "_is_confirmed": false, "photo_photo": "All_Photos/Praveen-Kumar.png", "date_reported": "2025-03-06", "case_status": "Pending", "address_type": null, "street": "Katraj Main Road", "appartment_no": "B202", "appartment_name": "Katraj Plaza", "village": "Katraj", "city": "Pune", "district": "Pune", "state": "Maharashtra", "pincode": "411046", "country": "India", "landmark_details": "Near Katraj Snake Park", "location": "SRID=4326;POINT (73.8576 18.4575)", "is_active": true, "country_code": "", "match_entity_id": null, "match_type": null}}, {"model": "Mainapp.person", "pk": "7f5aa3c4-50cb-4c0e-8ec0-72c05172e728", "fields": {"type": "Unidentified Body", "full_name": "Rahul Deshmukh", "birth_date": null, "age": 45, "birthtime": null, "gender": "male", "birthplace": null, "height": 180, "weight": 85, "blood_group": null, "complexion": null, "hair_color": null, "hair_type": null, "eye_color": null, "condition": null, "Body_Condition": null, "birth_mark": "Burn mark on left arm", "distinctive_mark": "Fractured left wrist in past", "hospital": null, "document_ids": "", "created_at": "2025-03-06T12:54:58.228Z", "updated_at": "2025-03-06T13:01:10.512Z", "created_by": null, "updated_by": null, "_is_deleted": false, "_is_confirmed": false, "photo_photo": "", "date_reported": "2025-03-06", "case_status": "Pending", "address_type": "HOME", "street": "Tilak Road", "appartment_no": "D405", "appartment_name": "Sunrise Residency", "village": "Shivaji Nagar", "city": "Pune", "district": "Pune", "state": "Maharashtra", "pincode": "411004", "country": "India", "landmark_details": "Opposite Fergusson College", "location": "SRID=4326;POINT (73.858698 18.520421)", "is_active": true, "country_code": "", "match_entity_id": null, "match_type": null}}, {"model": "Mainapp.person", "pk": "8ab716b4-69ab-4260-91f4-7cf3762208c0", "fields": {"type": "Missing Person", "full_name": "Anil Patil", "birth_date": "1978-06-22", "age": 50, "birthtime": null, "gender": "male", "birthplace": "Thane", "height": 175, "weight": 80, "blood_group": null, "complexion": null, "hair_color": null, "hair_type": null, "eye_color": null, "condition": null, "Body_Condition": null, "birth_mark": "Scar on left arm", "distinctive_mark": "Mole on right cheek", "hospital": null, "document_ids": "", "created_at": "2025-03-06T12:27:49.163Z", "updated_at": "2025-03-06T12:54:40.253Z", "created_by": null, "updated_by": null, "_is_deleted": false, "_is_confirmed": false, "photo_photo": "", "date_reported": "2025-03-06", "case_status": "Resolved", "address_type": null, "street": "Shivaji Chowk", "appartment_no": "C303", "appartment_name": "Galaxy Towers", "village": "Kalyan", "city": "Thane", "district": "Thane", "state": "Maharashtra", "pincode": "421301", "country": "India", "landmark_details": "Near Dombivli Railway Station", "location": "SRID=4326;POINT (73.1345 19.2413)", "is_active": true, "country_code": "", "match_entity_id": null, "match_type": null}}, {"model": "Mainapp.person", "pk": "97272191-482c-42a6-8547-b93fdefaaba6", "fields": {"type": "Missing Person", "full_name": "Rajendra Bhosale", "birth_date": null, "age": 45, "birthtime": null, "gender": "male", "birthplace": "xyz", "height": 175, "weight": 72, "blood_group": null, "complexion": null, "hair_color": null, "hair_type": null, "eye_color": null, "condition": null, "Body_Condition": null, "birth_mark": "Mole on left cheek", "distinctive_mark": "Tattoo on right hand", "hospital": null, "document_ids": "", "created_at": "2025-03-06T12:08:49.877Z", "updated_at": "2025-03-06T12:09:06.580Z", "created_by": null, "updated_by": null, "_is_deleted": false, "_is_confirmed": false, "photo_photo": "All_Photos/Udit-Jagne_nAWItsM.jpg", "date_reported": "2025-03-06", "case_status": "Resolved", "address_type": null, "street": "MG Road", "appartment_no": "B202", "appartment_name": "Pride Towers", "village": "Camp", "city": "Pune", "district": "Pune", "state": "Maharashtra", "pincode": "411001", "country": "India", "landmark_details": "Near SGS Mall", "location": "SRID=4326;POINT (73.8458 18.525)", "is_active": true, "country_code": "", "match_entity_id": null, "match_type": null}}, {"model": "Mainapp.person", "pk": "977b76d5-f4c7-4955-b239-b232ace34b39", "fields": {"type": "Missing Person", "full_name": "Ajay Mehata", "birth_date": "2025-03-05", "age": 44, "birthtime": null, "gender": "male", "birthplace": "abc", "height": 154, "weight": 55, "blood_group": "B", "complexion": "light", "hair_color": "red", "hair_type": "DOTTED", "eye_color": "HAZEL", "condition": "HEADACHE", "Body_Condition": "BURNT", "birth_mark": "NA", "distinctive_mark": "abc", "hospital": null, "document_ids": "", "created_at": "2025-03-05T09:14:09.855Z", "updated_at": "2025-03-06T11:04:53.039Z", "created_by": null, "updated_by": null, "_is_deleted": false, "_is_confirmed": false, "photo_photo": "All_Photos/persont.jpeg", "date_reported": "2025-03-06", "case_status": "Resolved", "address_type": "CURRENT", "street": null, "appartment_no": null, "appartment_name": null, "village": null, "city": "Pune", "district": "Satara", "state": "Maharashtra", "pincode": "147852", "country": "India", "landmark_details": null, "location": "SRID=4326;POINT (73.986328 17.79472)", "is_active": true, "country_code": null, "match_entity_id": null, "match_type": null}}, {"model": "Mainapp.person", "pk": "9a9dd045-a86e-4019-91c2-03c684b17a98", "fields": {"type": "Unidentified Person", "full_name": "Anita Sharma", "birth_date": null, "age": 36, "birthtime": null, "gender": "female", "birthplace": null, "height": 160, "weight": 55, "blood_group": null, "complexion": null, "hair_color": null, "hair_type": null, "eye_color": null, "condition": null, "Body_Condition": null, "birth_mark": "Dark patch on left hand", "distinctive_mark": "Ear piercing with diamond stud", "hospital": null, "document_ids": "", "created_at": "2025-03-06T12:54:11.115Z", "updated_at": "2025-03-06T12:55:39.205Z", "created_by": null, "updated_by": null, "_is_deleted": false, "_is_confirmed": false, "photo_photo": "", "date_reported": "2025-03-06", "case_status": "Pending", "address_type": "CURRENT", "street": "Jawahar Road", "appartment_no": "F505", "appartment_name": "Lotus Apartments", "village": "Ulhasnagar", "city": "Ulhasnagar", "district": "Thane", "state": "Maharashtra", "pincode": "421005", "country": "India", "landmark_details": "Near Ulhasnagar Station", "location": "SRID=4326;POINT (73.1642 19.2215)", "is_active": true, "country_code": "", "match_entity_id": null, "match_type": null}}, {"model": "Mainapp.person", "pk": "a5eb0443-180e-415c-a5b8-d2b81dac187c", "fields": {"type": "Unidentified Body", "full_name": "Amit Verma", "birth_date": null, "age": 32, "birthtime": null, "gender": "male", "birthplace": "Delhi", "height": 175, "weight": 78, "blood_group": null, "complexion": null, "hair_color": null, "hair_type": null, "eye_color": null, "condition": null, "Body_Condition": null, "birth_mark": "Scar on left eyebrow", "distinctive_mark": "Tattoo on right forearm", "hospital": null, "document_ids": "", "created_at": "2025-03-06T12:41:19.928Z", "updated_at": "2025-03-06T12:54:06.943Z", "created_by": null, "updated_by": null, "_is_deleted": false, "_is_confirmed": false, "photo_photo": "", "date_reported": "2025-03-06", "case_status": "Resolved", "address_type": null, "street": "Linking Road", "appartment_no": "A101", "appartment_name": "Sea Breeze Tower", "village": "Bandra West", "city": "Mumbai", "district": "Mumbai", "state": "Maharashtra", "pincode": "400050", "country": "India", "landmark_details": "Near National College", "location": "SRID=4326;POINT (72.8295 19.0553)", "is_active": true, "country_code": "", "match_entity_id": null, "match_type": null}}, {"model": "Mainapp.person", "pk": "b9b7ac37-fd7a-4cdb-a983-200131d1373b", "fields": {"type": "Unidentified Body", "full_name": "Sonali Kumar", "birth_date": "2015-03-06", "age": 10, "birthtime": null, "gender": "female", "birthplace": "abc", "height": 144, "weight": 35, "blood_group": "A", "complexion": "dark", "hair_color": "red", "hair_type": "BROAD", "eye_color": "BROWN", "condition": "DEPRESSION", "Body_Condition": "FRESH", "birth_mark": "NA", "distinctive_mark": "abc", "hospital": null, "document_ids": "", "created_at": "2025-03-06T09:00:25.708Z", "updated_at": "2025-03-06T10:14:22.720Z", "created_by": null, "updated_by": null, "_is_deleted": false, "_is_confirmed": false, "photo_photo": "All_Photos/Hashmitha.png", "date_reported": "2025-03-06", "case_status": "Pending", "address_type": "PERMANENT", "street": "MG Road", "appartment_no": null, "appartment_name": null, "village": null, "city": "Bhopal", "district": "Bhopal", "state": "Madhya Pradesh", "pincode": "462001", "country": "India", "landmark_details": "Near Bhopal Junction", "location": "SRID=4326;POINT (77.4126 23.2599)", "is_active": true, "country_code": "", "match_entity_id": null, "match_type": null}}, {"model": "Mainapp.person", "pk": "f22488bb-b83e-42e4-93a6-709b31bb8bf4", "fields": {"type": "Unidentified Person", "full_name": "Sanjana Pawar", "birth_date": null, "age": 28, "birthtime": null, "gender": "female", "birthplace": "Nagpur", "height": 162, "weight": 58, "blood_group": null, "complexion": null, "hair_color": null, "hair_type": null, "eye_color": null, "condition": null, "Body_Condition": null, "birth_mark": "Mole on right cheek", "distinctive_mark": "Nose piercing", "hospital": null, "document_ids": "", "created_at": "2025-03-06T12:44:58.191Z", "updated_at": "2025-03-06T12:56:10.195Z", "created_by": null, "updated_by": null, "_is_deleted": false, "_is_confirmed": false, "photo_photo": "", "date_reported": "2025-03-06", "case_status": "Pending", "address_type": "HOME", "street": "Central Bazaar Road", "appartment_no": "C302", "appartment_name": "Golden Heights", "village": "Dharampeth", "city": "Nagpur", "district": "Nagpur", "state": "Maharashtra", "pincode": "440010", "country": "India", "landmark_details": "Near Coffee House", "location": "SRID=4326;POINT (79.0882 21.1458)", "is_active": true, "country_code": "", "match_entity_id": null, "match_type": null}}, {"model": "Mainapp.additionalinfo", "pk": "04b793b8-019b-45f6-9de6-71febfa90e84", "fields": {"caste": "Maratha", "subcaste": "", "marital_status": "Married", "religion": "Hindu", "mother_tongue": "Marathi", "other_known_languages": "English, Hindi", "id_type": "Aadhar", "id_no": "111122223333", "education_details": "MBA in Banking", "occupation_details": "Branch Manager at HDFC Bank", "user": null, "person": "8ab716b4-69ab-4260-91f4-7cf3762208c0", "created_at": "2025-03-06T12:27:49.244Z", "updated_at": "2025-03-06T12:27:49.244Z", "created_by": null, "updated_by": null}}, {"model": "Mainapp.additionalinfo", "pk": "1fbe88e7-825c-42cf-ae7e-d1fd9056f06c", "fields": {"caste": "Open", "subcaste": "", "marital_status": "", "religion": "", "mother_tongue": "", "other_known_languages": "", "id_type": "", "id_no": "99999999", "education_details": "abc", "occupation_details": "abc", "user": null, "person": "784c27d1-fb58-42e7-8732-3f6fdb670d5e", "created_at": "2025-03-06T09:04:37.066Z", "updated_at": "2025-03-06T09:04:37.066Z", "created_by": null, "updated_by": null}}, {"model": "Mainapp.additionalinfo", "pk": "22ae652b-675e-44e9-a773-13e31f536ff3", "fields": {"caste": "Open", "subcaste": "", "marital_status": "", "religion": "", "mother_tongue": "", "other_known_languages": "", "id_type": "", "id_no": "99999999", "education_details": "abc", "occupation_details": "abc", "user": null, "person": null, "created_at": "2025-03-06T11:56:56.464Z", "updated_at": "2025-03-06T11:56:56.464Z", "created_by": null, "updated_by": null}}, {"model": "Mainapp.additionalinfo", "pk": "3231194b-88a5-48e4-a5aa-69b96bad78c0", "fields": {"caste": "Open", "subcaste": "", "marital_status": "", "religion": "", "mother_tongue": "", "other_known_languages": "", "id_type": "", "id_no": "99999999", "education_details": "abc", "occupation_details": "abc", "user": null, "person": null, "created_at": "2025-03-06T08:59:14.381Z", "updated_at": "2025-03-06T08:59:14.381Z", "created_by": null, "updated_by": null}}, {"model": "Mainapp.additionalinfo", "pk": "3b718c68-6b29-4040-9007-25807070d700", "fields": {"caste": "Open", "subcaste": "", "marital_status": "", "religion": "", "mother_tongue": "", "other_known_languages": "", "id_type": "", "id_no": "99999999", "education_details": "abc", "occupation_details": "abc", "user": null, "person": null, "created_at": "2025-03-06T05:26:55.165Z", "updated_at": "2025-03-06T05:26:55.165Z", "created_by": null, "updated_by": null}}, {"model": "Mainapp.additionalinfo", "pk": "3b76bb46-bd8d-4f45-92c9-f662c9fa3b27", "fields": {"caste": "OBC", "subcaste": "", "marital_status": "Married", "religion": "Hindu", "mother_tongue": "Marathi", "other_known_languages": "English, Hindi", "id_type": "Aadhar", "id_no": "88888888", "education_details": "MSc in Statistics", "occupation_details": "Data Analyst", "user": null, "person": "210c46d3-7cac-44c7-b0a1-5244af37ddd1", "created_at": "2025-03-06T12:19:53.121Z", "updated_at": "2025-03-06T12:19:53.121Z", "created_by": null, "updated_by": null}}, {"model": "Mainapp.additionalinfo", "pk": "4955fd1f-07ce-4e3e-8edc-9e5d4efdb4e0", "fields": {"caste": "Open", "subcaste": "", "marital_status": "", "religion": "", "mother_tongue": "", "other_known_languages": "", "id_type": "", "id_no": "99999999", "education_details": "abc", "occupation_details": "abc", "user": null, "person": null, "created_at": "2025-03-06T08:58:46.032Z", "updated_at": "2025-03-06T08:58:46.032Z", "created_by": null, "updated_by": null}}, {"model": "Mainapp.additionalinfo", "pk": "4c7c0f74-c276-4943-9d3b-3725bee6116e", "fields": {"caste": "Open", "subcaste": "", "marital_status": "", "religion": "", "mother_tongue": "", "other_known_languages": "", "id_type": "", "id_no": "99999999", "education_details": "abc", "occupation_details": "abc", "user": null, "person": null, "created_at": "2025-03-06T11:54:37.475Z", "updated_at": "2025-03-06T11:54:37.475Z", "created_by": null, "updated_by": null}}, {"model": "Mainapp.additionalinfo", "pk": "510fcca2-f2a2-4089-bfb3-f2c75474cc2f", "fields": {"caste": "Open", "subcaste": "", "marital_status": "", "religion": "", "mother_tongue": "", "other_known_languages": "", "id_type": "", "id_no": "99999999", "education_details": "abc", "occupation_details": "abc", "user": null, "person": "19f423ff-62f2-4c9d-9068-5f058507a7d2", "created_at": "2025-03-06T09:03:24.684Z", "updated_at": "2025-03-06T09:03:24.684Z", "created_by": null, "updated_by": null}}, {"model": "Mainapp.additionalinfo", "pk": "5a427278-e4b3-438d-bb3b-7610ca7715ad", "fields": {"caste": "Open", "subcaste": "", "marital_status": "", "religion": "", "mother_tongue": "", "other_known_languages": "", "id_type": "", "id_no": "25885258525", "education_details": "abc", "occupation_details": "abc", "user": null, "person": "53bfaa36-7582-4956-bc44-aeb891c24a13", "created_at": "2025-03-05T09:09:15.664Z", "updated_at": "2025-03-05T09:09:15.664Z", "created_by": null, "updated_by": null}}, {"model": "Mainapp.additionalinfo", "pk": "646e7f99-1468-4d66-b92f-060db6cf52d8", "fields": {"caste": "Open", "subcaste": "", "marital_status": "", "religion": "", "mother_tongue": "", "other_known_languages": "", "id_type": "", "id_no": "99999999", "education_details": "abc", "occupation_details": "abc", "user": null, "person": "462f8299-3b1a-4bde-92d5-04add89dfa78", "created_at": "2025-03-06T09:05:34.657Z", "updated_at": "2025-03-06T09:05:34.657Z", "created_by": null, "updated_by": null}}, {"model": "Mainapp.additionalinfo", "pk": "656e8fb2-79b4-49d6-a069-62ce9c2d4fd5", "fields": {"caste": "Open", "subcaste": "", "marital_status": "", "religion": "", "mother_tongue": "", "other_known_languages": "", "id_type": "", "id_no": "25885258525", "education_details": "abc", "occupation_details": "abc", "user": null, "person": null, "created_at": "2025-03-05T09:18:09.606Z", "updated_at": "2025-03-05T09:18:09.606Z", "created_by": null, "updated_by": null}}, {"model": "Mainapp.additionalinfo", "pk": "6610244c-ef0b-4a22-88a8-097c2dff57b4", "fields": {"caste": "Open", "subcaste": "rajput", "marital_status": "Single", "religion": "Hindu", "mother_tongue": "Hindi", "other_known_languages": "paragraph", "id_type": "Aadhar Card", "id_no": "258741258741", "education_details": "paragraph", "occupation_details": "paragraph", "user": null, "person": null, "created_at": "2025-03-03T04:48:35.927Z", "updated_at": "2025-03-03T04:48:35.927Z", "created_by": null, "updated_by": null}}, {"model": "Mainapp.additionalinfo", "pk": "71eae708-5bf8-475c-b81e-0203f47c4875", "fields": {"caste": "Open", "subcaste": "", "marital_status": "", "religion": "", "mother_tongue": "", "other_known_languages": "", "id_type": "", "id_no": "", "education_details": "", "occupation_details": "", "user": null, "person": null, "created_at": "2025-03-05T06:46:51.963Z", "updated_at": "2025-03-05T06:46:51.963Z", "created_by": null, "updated_by": null}}, {"model": "Mainapp.additionalinfo", "pk": "7caa2a3f-aae0-466f-93f6-684901bcb4a9", "fields": {"caste": "OBC", "subcaste": "", "marital_status": "Married", "religion": "Hindu", "mother_tongue": "Marathi", "other_known_languages": "English, Hindi", "id_type": "Aadhar", "id_no": "88888888", "education_details": "MSc in Statistics", "occupation_details": "Data Analyst", "user": null, "person": "97272191-482c-42a6-8547-b93fdefaaba6", "created_at": "2025-03-06T12:08:49.922Z", "updated_at": "2025-03-06T12:08:49.922Z", "created_by": null, "updated_by": null}}, {"model": "Mainapp.additionalinfo", "pk": "7f8a51f1-1a8b-4fbc-9f3d-ac0f85de9311", "fields": {"caste": "Open", "subcaste": "", "marital_status": "", "religion": "", "mother_tongue": "", "other_known_languages": "", "id_type": "", "id_no": "25885258525", "education_details": "abc", "occupation_details": "abc", "user": null, "person": "977b76d5-f4c7-4955-b239-b232ace34b39", "created_at": "2025-03-05T09:14:09.962Z", "updated_at": "2025-03-05T09:14:09.962Z", "created_by": null, "updated_by": null}}, {"model": "Mainapp.additionalinfo", "pk": "89ba7ad8-0cda-45f0-8b99-2202b64e22ad", "fields": {"caste": "OBC", "subcaste": "", "marital_status": "Married", "religion": "Hindu", "mother_tongue": "Marathi", "other_known_languages": "English, Hindi", "id_type": "Aadhar", "id_no": "88888888", "education_details": "MSc in Statistics", "occupation_details": "Data Analyst", "user": null, "person": null, "created_at": "2025-03-06T12:07:29.526Z", "updated_at": "2025-03-06T12:07:29.526Z", "created_by": null, "updated_by": null}}, {"model": "Mainapp.additionalinfo", "pk": "8cc0e761-0e4c-4d86-bf0b-1a142bd899d1", "fields": {"caste": "Open", "subcaste": "", "marital_status": "", "religion": "", "mother_tongue": "", "other_known_languages": "", "id_type": "", "id_no": "99999999", "education_details": "abc", "occupation_details": "abc", "user": null, "person": "380a4d89-17b5-4338-b9ac-4f3bd7bca904", "created_at": "2025-03-06T09:05:08.252Z", "updated_at": "2025-03-06T09:05:08.252Z", "created_by": null, "updated_by": null}}, {"model": "Mainapp.additionalinfo", "pk": "97e831ff-f2be-4e26-b02f-f4a6fc11402b", "fields": {"caste": "SC", "subcaste": "", "marital_status": "Married", "religion": "Buddhist", "mother_tongue": "Marathi", "other_known_languages": "Hindi, English", "id_type": "Voter ID", "id_no": "77777777", "education_details": "MBA in Marketing", "occupation_details": "Marketing Manager", "user": null, "person": "f22488bb-b83e-42e4-93a6-709b31bb8bf4", "created_at": "2025-03-06T12:44:58.237Z", "updated_at": "2025-03-06T12:44:58.237Z", "created_by": null, "updated_by": null}}, {"model": "Mainapp.additionalinfo", "pk": "9861a9f7-4d53-46cf-898f-e9183abd32f5", "fields": {"caste": "Open", "subcaste": "", "marital_status": "", "religion": "", "mother_tongue": "", "other_known_languages": "", "id_type": "", "id_no": "99999999", "education_details": "abc", "occupation_details": "abc", "user": null, "person": null, "created_at": "2025-03-05T10:29:33.125Z", "updated_at": "2025-03-05T10:29:33.125Z", "created_by": null, "updated_by": null}}, {"model": "Mainapp.additionalinfo", "pk": "aa37114d-5f74-4a8a-89d2-0395b3c44653", "fields": {"caste": "OBC", "subcaste": "", "marital_status": "Married", "religion": "Hindu", "mother_tongue": "Marathi", "other_known_languages": "English, Hindi", "id_type": "Aadhar", "id_no": "88888888", "education_details": "MSc in Statistics", "occupation_details": "Data Analyst", "user": null, "person": null, "created_at": "2025-03-06T12:06:02.543Z", "updated_at": "2025-03-06T12:06:02.543Z", "created_by": null, "updated_by": null}}, {"model": "Mainapp.additionalinfo", "pk": "c5f7d856-3772-48dd-9930-f27e7a5c0d04", "fields": {"caste": "General", "subcaste": "", "marital_status": "Single", "religion": "Hindu", "mother_tongue": "Hindi", "other_known_languages": "English, Marathi", "id_type": "Aadhar", "id_no": "99999999", "education_details": "BTech in Computer Science", "occupation_details": "Software Engineer", "user": null, "person": "a5eb0443-180e-415c-a5b8-d2b81dac187c", "created_at": "2025-03-06T12:41:19.994Z", "updated_at": "2025-03-06T12:41:19.994Z", "created_by": null, "updated_by": null}}, {"model": "Mainapp.additionalinfo", "pk": "cfa683bf-913e-4140-a0cc-cf99d1845997", "fields": {"caste": "Open", "subcaste": "", "marital_status": "", "religion": "", "mother_tongue": "", "other_known_languages": "", "id_type": "", "id_no": "", "education_details": "", "occupation_details": "", "user": null, "person": null, "created_at": "2025-03-05T09:00:00.184Z", "updated_at": "2025-03-05T09:00:00.184Z", "created_by": null, "updated_by": null}}, {"model": "Mainapp.additionalinfo", "pk": "d2a7584c-4cf1-40ac-93f3-d5fac6721732", "fields": {"caste": "Open", "subcaste": "", "marital_status": "", "religion": "", "mother_tongue": "", "other_known_languages": "", "id_type": "", "id_no": "", "education_details": "", "occupation_details": "", "user": null, "person": null, "created_at": "2025-03-05T06:24:54.838Z", "updated_at": "2025-03-05T06:24:54.838Z", "created_by": null, "updated_by": null}}, {"model": "Mainapp.additionalinfo", "pk": "d56f59ec-1b3e-492a-bdb2-a60dab3fdd98", "fields": {"caste": "Open", "subcaste": "", "marital_status": "", "religion": "", "mother_tongue": "", "other_known_languages": "", "id_type": "", "id_no": "", "education_details": "", "occupation_details": "", "user": null, "person": null, "created_at": "2025-03-05T06:28:30.331Z", "updated_at": "2025-03-05T06:28:30.331Z", "created_by": null, "updated_by": null}}, {"model": "Mainapp.additionalinfo", "pk": "ea39daa8-cf0a-4b32-845b-08c1885df6d1", "fields": {"caste": "Open", "subcaste": "", "marital_status": "", "religion": "", "mother_tongue": "", "other_known_languages": "", "id_type": "", "id_no": "", "education_details": "", "occupation_details": "", "user": null, "person": null, "created_at": "2025-03-05T06:47:52.410Z", "updated_at": "2025-03-05T06:47:52.410Z", "created_by": null, "updated_by": null}}, {"model": "Mainapp.additionalinfo", "pk": "ee1a55a5-2235-46c9-b882-79ae08f65d5b", "fields": {"caste": "Brahmin", "subcaste": "", "marital_status": "Single", "religion": "Hindu", "mother_tongue": "Marathi", "other_known_languages": "English, Hindi", "id_type": "PAN", "id_no": "444433332222", "education_details": "B.Tech in Computer Science", "occupation_details": "Software Engineer", "user": null, "person": "57d3ee94-b22d-4e14-bdea-03fe68a97d6e", "created_at": "2025-03-06T12:29:24.006Z", "updated_at": "2025-03-06T12:29:24.006Z", "created_by": null, "updated_by": null}}, {"model": "Mainapp.additionalinfo", "pk": "f347f9d5-30a6-4488-829a-5d460b929702", "fields": {"caste": "Open", "subcaste": "", "marital_status": "", "religion": "", "mother_tongue": "", "other_known_languages": "", "id_type": "", "id_no": "", "education_details": "", "occupation_details": "", "user": null, "person": null, "created_at": "2025-03-05T06:41:25.903Z", "updated_at": "2025-03-05T06:41:25.903Z", "created_by": null, "updated_by": null}}, {"model": "Mainapp.additionalinfo", "pk": "f59f7274-a5e3-4209-b134-ef3d378ba49a", "fields": {"caste": "Open", "subcaste": "", "marital_status": "", "religion": "", "mother_tongue": "", "other_known_languages": "", "id_type": "", "id_no": "99999999", "education_details": "abc", "occupation_details": "abc", "user": null, "person": "243bb459-73a5-49f6-98ca-f345044cd67b", "created_at": "2025-03-06T08:59:43.818Z", "updated_at": "2025-03-06T08:59:43.818Z", "created_by": null, "updated_by": null}}, {"model": "Mainapp.additionalinfo", "pk": "f6f66782-6807-4083-8312-c2de4a10f2b4", "fields": {"caste": "Open", "subcaste": "", "marital_status": "", "religion": "", "mother_tongue": "", "other_known_languages": "", "id_type": "", "id_no": "99999999", "education_details": "abc", "occupation_details": "abc", "user": null, "person": "b9b7ac37-fd7a-4cdb-a983-200131d1373b", "created_at": "2025-03-06T09:00:25.747Z", "updated_at": "2025-03-06T09:00:25.747Z", "created_by": null, "updated_by": null}}, {"model": "Mainapp.additionalinfo", "pk": "fcebd460-b205-4725-b66a-429c49811b44", "fields": {"caste": "sc", "subcaste": "abcd", "marital_status": "married", "religion": "hindu", "mother_tongue": "tamil", "other_known_languages": null, "id_type": "aadhar", "id_no": "99999999", "education_details": "abc", "occupation_details": "abc", "user": null, "person": "5c72d565-cfce-4d5a-aa7a-f6c9a63e0e0f", "created_at": "2025-03-06T09:05:58.571Z", "updated_at": "2025-03-06T12:39:43.489Z", "created_by": null, "updated_by": null}}, {"model": "Mainapp.contact", "pk": "008569e3-46d3-4163-a627-ded4c197219d", "fields": {"phone_no": "9666666666", "country_cd": "+91", "email_id": "thaneuser@gmail.com", "type": "Personal", "company_name": "Reliance Industries", "job_title": "HR Manager", "website_url": "www.reliance.com", "social_media_availability": "Yes", "social_media_url": "www.facebook.com/thaneuser", "additional_details": "Often seen wearing a red cap", "is_primary": true, "user": null, "hospital": null, "police_station": null, "person": "9a9dd045-a86e-4019-91c2-03c684b17a98", "created_at": "2025-03-06T12:54:11.163Z", "updated_at": "2025-03-06T12:54:11.163Z", "created_by": null, "updated_by": null}}, {"model": "Mainapp.contact", "pk": "015b3645-8773-412a-bc66-fdd477601971", "fields": {"phone_no": "9923666493", "country_cd": "+91", "email_id": "sa@gmail.com", "type": "Business", "company_name": "Infosys", "job_title": "software Enginner", "website_url": "www.infosys.com", "social_media_availability": "NA", "social_media_url": "NA", "additional_details": "NA", "is_primary": false, "user": null, "hospital": null, "police_station": null, "person": null, "created_at": "2025-03-06T05:26:55.159Z", "updated_at": "2025-03-06T05:26:55.159Z", "created_by": null, "updated_by": null}}, {"model": "Mainapp.contact", "pk": "0d1dd0f6-f381-453f-8482-2ec28f7691f3", "fields": {"phone_no": "9923666493", "country_cd": "+91", "email_id": "sa@gmail.com", "type": "Business", "company_name": "Infosys", "job_title": "software Enginner", "website_url": "www.infosys.com", "social_media_availability": "NA", "social_media_url": "NA", "additional_details": "NA", "is_primary": false, "user": null, "hospital": null, "police_station": null, "person": "462f8299-3b1a-4bde-92d5-04add89dfa78", "created_at": "2025-03-06T09:05:34.653Z", "updated_at": "2025-03-06T09:05:34.653Z", "created_by": null, "updated_by": null}}, {"model": "Mainapp.contact", "pk": "1c5f0c4d-2f5e-46c8-9eda-3c3b1c4d914a", "fields": {"phone_no": "9876543210", "country_cd": "+91", "email_id": "xyz@gmail.com", "type": "Personal", "company_name": "TCS", "job_title": "Data Analyst", "website_url": "www.tcs.com", "social_media_availability": "Yes", "social_media_url": "www.linkedin.com/in/xyz", "additional_details": "NA", "is_primary": true, "user": null, "hospital": null, "police_station": null, "person": null, "created_at": "2025-03-06T12:07:29.519Z", "updated_at": "2025-03-06T12:07:29.519Z", "created_by": null, "updated_by": null}}, {"model": "Mainapp.contact", "pk": "1cbd7877-2ee2-4f57-af3d-e070ee8195ca", "fields": {"phone_no": "9923666493", "country_cd": "+91", "email_id": "sa@gmail.com", "type": "Business", "company_name": "Infosys", "job_title": "software Enginner", "website_url": "www.infosys.com", "social_media_availability": "NA", "social_media_url": "NA", "additional_details": "NA", "is_primary": false, "user": null, "hospital": null, "police_station": null, "person": null, "created_at": "2025-03-05T10:29:33.115Z", "updated_at": "2025-03-05T10:29:33.115Z", "created_by": null, "updated_by": null}}, {"model": "Mainapp.contact", "pk": "1cdbeab2-5332-4a9a-a572-ffe8f129bc6a", "fields": {"phone_no": "33333333", "country_cd": "", "email_id": "", "type": "Business", "company_name": "", "job_title": "", "website_url": "", "social_media_availability": "", "social_media_url": "", "additional_details": "", "is_primary": false, "user": null, "hospital": null, "police_station": null, "person": null, "created_at": "2025-03-05T06:41:25.898Z", "updated_at": "2025-03-05T06:41:25.898Z", "created_by": null, "updated_by": null}}, {"model": "Mainapp.contact", "pk": "25a75c39-ebfa-421c-a22a-1af78fae0c42", "fields": {"phone_no": "9876543210", "country_cd": "+91", "email_id": "xyz@gmail.com", "type": "Personal", "company_name": "TCS", "job_title": "Data Analyst", "website_url": "www.tcs.com", "social_media_availability": "Yes", "social_media_url": "www.linkedin.com/in/xyz", "additional_details": "NA", "is_primary": true, "user": null, "hospital": null, "police_station": null, "person": "97272191-482c-42a6-8547-b93fdefaaba6", "created_at": "2025-03-06T12:08:49.916Z", "updated_at": "2025-03-06T12:08:49.916Z", "created_by": null, "updated_by": null}}, {"model": "Mainapp.contact", "pk": "2c219f34-abd9-4ecb-bb42-ff4f2422748c", "fields": {"phone_no": "9765432100", "country_cd": "+91", "email_id": "neha.kulkarni@gmail.com", "type": "Business", "company_name": "Tech Mahindra", "job_title": "Software Engineer", "website_url": "www.techmahindra.com", "social_media_availability": "Yes", "social_media_url": "www.twitter.com/neha_k", "additional_details": "Loves painting", "is_primary": true, "user": null, "hospital": null, "police_station": null, "person": "57d3ee94-b22d-4e14-bdea-03fe68a97d6e", "created_at": "2025-03-06T12:29:24.001Z", "updated_at": "2025-03-06T12:29:24.001Z", "created_by": null, "updated_by": null}}, {"model": "Mainapp.contact", "pk": "31792802-0e06-4d21-8795-4b4b1349552f", "fields": {"phone_no": "9876123456", "country_cd": "+91", "email_id": "missing.delhi3@gmail.com", "type": "Personal", "company_name": "Google India", "job_title": "UX Designer", "website_url": "www.google.com", "social_media_availability": "Yes", "social_media_url": "www.instagram.com/missingdelhi3", "additional_details": "Wears a smartwatch", "is_primary": true, "user": null, "hospital": null, "police_station": null, "person": "75c5c61d-7a79-4707-acec-98c2aeef0dfb", "created_at": "2025-03-06T13:03:11.584Z", "updated_at": "2025-03-06T13:03:11.584Z", "created_by": null, "updated_by": null}}, {"model": "Mainapp.contact", "pk": "39b2962b-5c1b-4f6b-9be2-9e68c0554864", "fields": {"phone_no": "", "country_cd": "", "email_id": "", "type": "Business", "company_name": "", "job_title": "", "website_url": "", "social_media_availability": "", "social_media_url": "", "additional_details": "", "is_primary": false, "user": null, "hospital": null, "police_station": null, "person": null, "created_at": "2025-03-06T05:26:02.029Z", "updated_at": "2025-03-06T05:26:02.029Z", "created_by": null, "updated_by": null}}, {"model": "Mainapp.contact", "pk": "39eda9a9-e4ff-4e8c-a183-68005050a8c6", "fields": {"phone_no": "9923666493", "country_cd": "", "email_id": "a@gmail.com", "type": "Personal", "company_name": "na`", "job_title": "na", "website_url": "na", "social_media_availability": "fb", "social_media_url": "aaaa", "additional_details": "paragraph", "is_primary": true, "user": null, "hospital": null, "police_station": null, "person": null, "created_at": "2025-03-03T04:48:35.902Z", "updated_at": "2025-03-03T04:48:35.902Z", "created_by": null, "updated_by": null}}, {"model": "Mainapp.contact", "pk": "3a70271d-5770-46cd-aa2c-7f1eaa5d3dd8", "fields": {"phone_no": "33333333", "country_cd": "", "email_id": "", "type": "Business", "company_name": "", "job_title": "", "website_url": "", "social_media_availability": "", "social_media_url": "", "additional_details": "", "is_primary": false, "user": null, "hospital": null, "police_station": null, "person": null, "created_at": "2025-03-05T06:47:52.404Z", "updated_at": "2025-03-05T06:47:52.404Z", "created_by": null, "updated_by": null}}, {"model": "Mainapp.contact", "pk": "3c0357fb-93fd-4429-b646-d30dbe05a7a1", "fields": {"phone_no": "1478523690", "country_cd": "+91", "email_id": "bharti@gmail.com", "type": "office", "company_name": null, "job_title": null, "website_url": "", "social_media_availability": "fb", "social_media_url": null, "additional_details": "", "is_primary": false, "user": null, "hospital": null, "police_station": null, "person": null, "created_at": "2025-03-03T06:13:53.468Z", "updated_at": "2025-03-03T06:13:53.468Z", "created_by": "3f12fadd-d048-4cde-a1ef-06267edace3c", "updated_by": "3f12fadd-d048-4cde-a1ef-06267edace3c"}}, {"model": "Mainapp.contact", "pk": "3dc8c133-9aff-4294-883b-2f794489ee8e", "fields": {"phone_no": "9923666493", "country_cd": "+91", "email_id": "sa@gmail.com", "type": "Business", "company_name": "Infosys", "job_title": "software Enginner", "website_url": "www.infosys.com", "social_media_availability": "NA", "social_media_url": "NA", "additional_details": "NA", "is_primary": false, "user": null, "hospital": null, "police_station": null, "person": "243bb459-73a5-49f6-98ca-f345044cd67b", "created_at": "2025-03-06T08:59:43.814Z", "updated_at": "2025-03-06T08:59:43.814Z", "created_by": null, "updated_by": null}}, {"model": "Mainapp.contact", "pk": "41f75955-3b9c-4e26-b679-2a85ea398a50", "fields": {"phone_no": "9000000001", "country_cd": "+91", "email_id": "puneuser@gmail.com", "type": "Personal", "company_name": "Wipro", "job_title": "Project Manager", "website_url": "www.wipro.com", "social_media_availability": "No", "social_media_url": null, "additional_details": "Speaks fluent German", "is_primary": true, "user": null, "hospital": null, "police_station": null, "person": null, "created_at": "2025-03-06T12:50:52.816Z", "updated_at": "2025-03-06T12:50:52.816Z", "created_by": null, "updated_by": null}}, {"model": "Mainapp.contact", "pk": "4d115545-1e94-4d8d-9f83-d1f9d67bdbee", "fields": {"phone_no": "9823456789", "country_cd": "+91", "email_id": "missing.pune1@gmail.com", "type": "Personal", "company_name": "Capgemini", "job_title": "Software Developer", "website_url": "www.capgemini.com", "social_media_availability": "Yes", "social_media_url": "www.linkedin.com/in/missingpune1", "additional_details": "Wears a black wristband", "is_primary": true, "user": null, "hospital": null, "police_station": null, "person": "3e0202f7-1444-40de-bc34-d79f11b4cd39", "created_at": "2025-03-06T12:57:55.288Z", "updated_at": "2025-03-06T12:57:55.288Z", "created_by": null, "updated_by": null}}, {"model": "Mainapp.contact", "pk": "4f384a40-1097-4670-ad50-4f9fe6d4db90", "fields": {"phone_no": "9988776655", "country_cd": "+91", "email_id": "abc@gmail.com", "type": "Personal", "company_name": "Infosys", "job_title": "Software Engineer", "website_url": "www.infosys.com", "social_media_availability": "Yes", "social_media_url": "www.linkedin.com/in/abc", "additional_details": "Wears glasses", "is_primary": true, "user": null, "hospital": null, "police_station": null, "person": "a5eb0443-180e-415c-a5b8-d2b81dac187c", "created_at": "2025-03-06T12:41:19.987Z", "updated_at": "2025-03-06T12:41:19.988Z", "created_by": null, "updated_by": null}}, {"model": "Mainapp.contact", "pk": "547dc2e2-3e89-4c2f-a4e9-3f7f22f0e1ad", "fields": {"phone_no": "9923666493", "country_cd": "+91", "email_id": "sa@gmail.com", "type": "Business", "company_name": "Infosys", "job_title": "Software Engineer", "website_url": "www.infosys.com", "social_media_availability": "NA", "social_media_url": "NA", "additional_details": "NA", "is_primary": false, "user": null, "hospital": null, "police_station": null, "person": null, "created_at": "2025-03-06T11:54:37.467Z", "updated_at": "2025-03-06T11:54:37.467Z", "created_by": null, "updated_by": null}}, {"model": "Mainapp.contact", "pk": "582b9734-c0a6-4e6c-837b-7ee56734aedc", "fields": {"phone_no": "9876541230", "country_cd": "+91", "email_id": "anil.patil@gmail.com", "type": "Personal", "company_name": "HDFC Bank", "job_title": "Branch Manager", "website_url": "www.hdfcbank.com", "social_media_availability": "Yes", "social_media_url": "www.facebook.com/anilpatil", "additional_details": "Wears spectacles", "is_primary": true, "user": null, "hospital": null, "police_station": null, "person": "8ab716b4-69ab-4260-91f4-7cf3762208c0", "created_at": "2025-03-06T12:27:49.238Z", "updated_at": "2025-03-06T12:27:49.238Z", "created_by": null, "updated_by": null}}, {"model": "Mainapp.contact", "pk": "6c51ddd1-cc7d-483c-8d77-8ac5c8be538d", "fields": {"phone_no": "9923666493", "country_cd": "+91", "email_id": "s@gmail.com", "type": "Business", "company_name": "Infosys", "job_title": "software Enginner", "website_url": "www.infosys.com", "social_media_availability": "NA", "social_media_url": "NA", "additional_details": "NA", "is_primary": false, "user": null, "hospital": null, "police_station": null, "person": null, "created_at": "2025-03-05T09:18:09.601Z", "updated_at": "2025-03-05T09:18:09.601Z", "created_by": null, "updated_by": null}}, {"model": "Mainapp.contact", "pk": "79f076e2-971a-4e56-939b-26ff1138b451", "fields": {"phone_no": "9923666493", "country_cd": "+91", "email_id": "sa@gmail.com", "type": "Business", "company_name": "Infosys", "job_title": "software Enginner", "website_url": "www.infosys.com", "social_media_availability": "NA", "social_media_url": "NA", "additional_details": "NA", "is_primary": false, "user": null, "hospital": null, "police_station": null, "person": "b9b7ac37-fd7a-4cdb-a983-200131d1373b", "created_at": "2025-03-06T09:00:25.743Z", "updated_at": "2025-03-06T09:00:25.743Z", "created_by": null, "updated_by": null}}, {"model": "Mainapp.contact", "pk": "7a5730dc-2bfe-443d-b5a4-cb3137d25880", "fields": {"phone_no": "33333333", "country_cd": "", "email_id": "", "type": "Business", "company_name": "", "job_title": "", "website_url": "", "social_media_availability": "", "social_media_url": "", "additional_details": "", "is_primary": false, "user": null, "hospital": null, "police_station": null, "person": null, "created_at": "2025-03-05T09:00:00.180Z", "updated_at": "2025-03-05T09:00:00.180Z", "created_by": null, "updated_by": null}}, {"model": "Mainapp.contact", "pk": "7f5bcff7-0a29-4316-99a5-a8459fe58636", "fields": {"phone_no": "9923666493", "country_cd": "+91", "email_id": "sa@gmail.com", "type": "Business", "company_name": "Infosys", "job_title": "software Enginner", "website_url": "www.infosys.com", "social_media_availability": "NA", "social_media_url": "NA", "additional_details": "NA", "is_primary": false, "user": null, "hospital": null, "police_station": null, "person": "5c72d565-cfce-4d5a-aa7a-f6c9a63e0e0f", "created_at": "2025-03-06T09:05:58.567Z", "updated_at": "2025-03-06T09:05:58.567Z", "created_by": null, "updated_by": null}}, {"model": "Mainapp.contact", "pk": "8952bb78-042f-4633-a019-d9ec0d80f897", "fields": {"phone_no": "9923666493", "country_cd": "+91", "email_id": "sa@gmail.com", "type": "Business", "company_name": "Infosys", "job_title": "software Enginner", "website_url": "www.infosys.com", "social_media_availability": "NA", "social_media_url": "NA", "additional_details": "NA", "is_primary": false, "user": null, "hospital": null, "police_station": null, "person": "19f423ff-62f2-4c9d-9068-5f058507a7d2", "created_at": "2025-03-06T09:03:24.678Z", "updated_at": "2025-03-06T09:03:24.678Z", "created_by": null, "updated_by": null}}, {"model": "Mainapp.contact", "pk": "8c29ad1d-6971-4437-b8c5-e599e3929b15", "fields": {"phone_no": "9876543210", "country_cd": "+91", "email_id": "xyz123@gmail.com", "type": "Personal", "company_name": "Tata Motors", "job_title": "Marketing Manager", "website_url": "www.tatamotors.com", "social_media_availability": "Yes", "social_media_url": "www.twitter.com/xyz123", "additional_details": "Loves photography", "is_primary": true, "user": null, "hospital": null, "police_station": null, "person": "f22488bb-b83e-42e4-93a6-709b31bb8bf4", "created_at": "2025-03-06T12:44:58.232Z", "updated_at": "2025-03-06T12:44:58.232Z", "created_by": null, "updated_by": null}}, {"model": "Mainapp.contact", "pk": "90c18106-c36e-4cd8-a3be-219a83052990", "fields": {"phone_no": "9923666493", "country_cd": "+91", "email_id": "sa@gmail.com", "type": "Business", "company_name": "Infosys", "job_title": "software Enginner", "website_url": "www.infosys.com", "social_media_availability": "NA", "social_media_url": "NA", "additional_details": "NA", "is_primary": false, "user": null, "hospital": null, "police_station": null, "person": "784c27d1-fb58-42e7-8732-3f6fdb670d5e", "created_at": "2025-03-06T09:04:37.061Z", "updated_at": "2025-03-06T09:04:37.061Z", "created_by": null, "updated_by": null}}, {"model": "Mainapp.contact", "pk": "92ecb6ca-9d38-4aa7-a4ba-20d45f7f1ee3", "fields": {"phone_no": "9000000001", "country_cd": "+91", "email_id": "puneuser@gmail.com", "type": "Personal", "company_name": "Wipro", "job_title": "Project Manager", "website_url": "www.wipro.com", "social_media_availability": "No", "social_media_url": null, "additional_details": "Speaks fluent German", "is_primary": true, "user": null, "hospital": null, "police_station": null, "person": "7f5aa3c4-50cb-4c0e-8ec0-72c05172e728", "created_at": "2025-03-06T12:54:58.276Z", "updated_at": "2025-03-06T12:54:58.276Z", "created_by": null, "updated_by": null}}, {"model": "Mainapp.contact", "pk": "a6bb8112-abde-40d6-8d67-ba9d1ea5e1ac", "fields": {"phone_no": "9876543210", "country_cd": "+91", "email_id": "xyz@gmail.com", "type": "Personal", "company_name": "TCS", "job_title": "Data Analyst", "website_url": "www.tcs.com", "social_media_availability": "Yes", "social_media_url": "www.linkedin.com/in/xyz", "additional_details": "NA", "is_primary": true, "user": null, "hospital": null, "police_station": null, "person": null, "created_at": "2025-03-06T12:06:02.535Z", "updated_at": "2025-03-06T12:06:02.535Z", "created_by": null, "updated_by": null}}, {"model": "Mainapp.contact", "pk": "aa5aa6e8-88dc-4a88-b231-72ab5d51d67a", "fields": {"phone_no": "9923666493", "country_cd": "+91", "email_id": "s@gmail.com", "type": "Business", "company_name": "Infosys", "job_title": "software Enginner", "website_url": "www.infosys.com", "social_media_availability": "NA", "social_media_url": "NA", "additional_details": "NA", "is_primary": false, "user": null, "hospital": null, "police_station": null, "person": "53bfaa36-7582-4956-bc44-aeb891c24a13", "created_at": "2025-03-05T09:09:15.658Z", "updated_at": "2025-03-05T09:09:15.658Z", "created_by": null, "updated_by": null}}, {"model": "Mainapp.contact", "pk": "b66f4a33-1054-44ac-ba19-cc7bf9f94a56", "fields": {"phone_no": "9923666493", "country_cd": "+91", "email_id": "sa@gmail.com", "type": "Business", "company_name": "Infosys", "job_title": "software Enginner", "website_url": "www.infosys.com", "social_media_availability": "NA", "social_media_url": "NA", "additional_details": "NA", "is_primary": false, "user": null, "hospital": null, "police_station": null, "person": null, "created_at": "2025-03-06T08:58:46.026Z", "updated_at": "2025-03-06T08:58:46.026Z", "created_by": null, "updated_by": null}}, {"model": "Mainapp.contact", "pk": "b7ac6a9a-80d3-4914-b017-2081fdcf1a9e", "fields": {"phone_no": "9765432109", "country_cd": "+91", "email_id": "missing.delhi2@gmail.com", "type": "Personal", "company_name": "NDTV", "job_title": "Video Editor", "website_url": "www.ndtv.com", "social_media_availability": "Yes", "social_media_url": "www.youtube.com/missingdelhi2", "additional_details": "Wears a black hoodie frequently", "is_primary": true, "user": null, "hospital": null, "police_station": null, "person": "47974afb-dffc-446e-a1f8-f8071efdfcfb", "created_at": "2025-03-06T13:00:03.771Z", "updated_at": "2025-03-06T13:00:03.771Z", "created_by": null, "updated_by": null}}, {"model": "Mainapp.contact", "pk": "ca16e5e6-5f63-467f-88c8-663186befaa9", "fields": {"phone_no": "33333333", "country_cd": "", "email_id": "", "type": "Business", "company_name": "", "job_title": "", "website_url": "", "social_media_availability": "", "social_media_url": "", "additional_details": "", "is_primary": false, "user": null, "hospital": null, "police_station": null, "person": null, "created_at": "2025-03-05T06:46:51.958Z", "updated_at": "2025-03-05T06:46:51.958Z", "created_by": null, "updated_by": null}}, {"model": "Mainapp.contact", "pk": "dcf27467-96d4-4b50-8ff8-7710bfa1532c", "fields": {"phone_no": "9923666493", "country_cd": "+91", "email_id": "sa@gmail.com", "type": "Business", "company_name": "Infosys", "job_title": "software Enginner", "website_url": "www.infosys.com", "social_media_availability": "NA", "social_media_url": "NA", "additional_details": "NA", "is_primary": false, "user": null, "hospital": null, "police_station": null, "person": "380a4d89-17b5-4338-b9ac-4f3bd7bca904", "created_at": "2025-03-06T09:05:08.249Z", "updated_at": "2025-03-06T09:05:08.249Z", "created_by": null, "updated_by": null}}, {"model": "Mainapp.contact", "pk": "e2f60ea5-128e-4f80-86a7-630fb7e206ba", "fields": {"phone_no": "9998887770", "country_cd": "+91", "email_id": "missing.pune2@gmail.com", "type": "Personal", "company_name": "Amazon India", "job_title": "HR Executive", "website_url": "www.amazon.in", "social_media_availability": "Yes", "social_media_url": "www.instagram.com/missingpune2", "additional_details": "Often seen wearing a white cap", "is_primary": true, "user": null, "hospital": null, "police_station": null, "person": "1aa649e4-8c7e-422d-b36a-fc618ea559d8", "created_at": "2025-03-06T12:59:28.389Z", "updated_at": "2025-03-06T12:59:28.389Z", "created_by": null, "updated_by": null}}, {"model": "Mainapp.contact", "pk": "e3dc95bb-3db8-4956-bb20-3f2682a5ecfb", "fields": {"phone_no": "222222222222", "country_cd": "", "email_id": "", "type": "Business", "company_name": "", "job_title": "", "website_url": "", "social_media_availability": "", "social_media_url": "", "additional_details": "", "is_primary": false, "user": null, "hospital": null, "police_station": null, "person": null, "created_at": "2025-03-05T06:24:54.832Z", "updated_at": "2025-03-05T06:24:54.832Z", "created_by": null, "updated_by": null}}, {"model": "Mainapp.contact", "pk": "e3f49e8e-531c-46b3-a815-dc14084ec4c0", "fields": {"phone_no": "9923666493", "country_cd": "+91", "email_id": "s@gmail.com", "type": "Business", "company_name": "Infosys", "job_title": "software Enginner", "website_url": "www.infosys.com", "social_media_availability": "NA", "social_media_url": "NA", "additional_details": "NA", "is_primary": false, "user": null, "hospital": null, "police_station": null, "person": "977b76d5-f4c7-4955-b239-b232ace34b39", "created_at": "2025-03-05T09:14:09.956Z", "updated_at": "2025-03-05T09:14:09.956Z", "created_by": null, "updated_by": null}}, {"model": "Mainapp.contact", "pk": "eda937ed-7d79-46c1-afd3-45868d6a2f66", "fields": {"phone_no": "9876543210", "country_cd": "+91", "email_id": "xyz@gmail.com", "type": "Personal", "company_name": "TCS", "job_title": "Data Analyst", "website_url": "www.tcs.com", "social_media_availability": "Yes", "social_media_url": "www.linkedin.com/in/xyz", "additional_details": "NA", "is_primary": true, "user": null, "hospital": null, "police_station": null, "person": "210c46d3-7cac-44c7-b0a1-5244af37ddd1", "created_at": "2025-03-06T12:19:53.109Z", "updated_at": "2025-03-06T12:19:53.109Z", "created_by": null, "updated_by": null}}, {"model": "Mainapp.contact", "pk": "f23f97a1-f5e0-409d-8d4f-ab86c40a4cb5", "fields": {"phone_no": "9988776655", "country_cd": "+91", "email_id": "missing.delhi4@gmail.com", "type": "Personal", "company_name": "Flipkart", "job_title": "Product Manager", "website_url": "www.flipkart.com", "social_media_availability": "Yes", "social_media_url": "www.linkedin.com/in/missingdelhi4", "additional_details": "Always carries a black diary", "is_primary": true, "user": null, "hospital": null, "police_station": null, "person": "0fb57a44-3b49-4ed7-a7ae-63c32e964aad", "created_at": "2025-03-06T13:03:50.918Z", "updated_at": "2025-03-06T13:03:50.918Z", "created_by": null, "updated_by": null}}, {"model": "Mainapp.contact", "pk": "f339153c-22ba-4889-8a7b-452269e1d79d", "fields": {"phone_no": "9923666493", "country_cd": "+91", "email_id": "sa@gmail.com", "type": "Business", "company_name": "Infosys", "job_title": "software Enginner", "website_url": "www.infosys.com", "social_media_availability": "NA", "social_media_url": "NA", "additional_details": "NA", "is_primary": false, "user": null, "hospital": null, "police_station": null, "person": null, "created_at": "2025-03-06T11:56:56.457Z", "updated_at": "2025-03-06T11:56:56.457Z", "created_by": null, "updated_by": null}}, {"model": "Mainapp.contact", "pk": "f3f66e63-ba75-4ab1-81d4-efbc3747bfb2", "fields": {"phone_no": "33333333", "country_cd": "", "email_id": "", "type": "Business", "company_name": "", "job_title": "", "website_url": "", "social_media_availability": "", "social_media_url": "", "additional_details": "", "is_primary": false, "user": null, "hospital": null, "police_station": null, "person": null, "created_at": "2025-03-05T06:28:30.323Z", "updated_at": "2025-03-05T06:28:30.323Z", "created_by": null, "updated_by": null}}, {"model": "Mainapp.contact", "pk": "fa4dbf40-36f7-4244-b1bc-6f08f4495e45", "fields": {"phone_no": "9923666493", "country_cd": "+91", "email_id": "sa@gmail.com", "type": "Business", "company_name": "Infosys", "job_title": "software Enginner", "website_url": "www.infosys.com", "social_media_availability": "NA", "social_media_url": "NA", "additional_details": "NA", "is_primary": false, "user": null, "hospital": null, "police_station": null, "person": null, "created_at": "2025-03-06T08:59:14.376Z", "updated_at": "2025-03-06T08:59:14.376Z", "created_by": null, "updated_by": null}}, {"model": "Mainapp.document", "pk": "e522d9f3-95a6-4b6a-b76f-0b3f4c33bde1", "fields": {"type": null, "document": "NikitaShirsath_9373824550.pdf", "created_at": "2025-03-03T09:43:33.352Z", "updated_at": "2025-03-03T09:43:33.352Z", "created_by": null, "updated_by": null}}, {"model": "Mainapp.consent", "pk": "00153121-83d2-4e9f-a61d-51074cc50d50", "fields": {"data": "Details verified by family", "document": null, "person": "8ab716b4-69ab-4260-91f4-7cf3762208c0", "is_consent": true, "created_at": "2025-03-06T12:27:49.259Z", "updated_at": "2025-03-06T12:27:49.259Z", "created_by": null, "updated_by": null}}, {"model": "Mainapp.consent", "pk": "1c5c2248-8039-47ab-8715-5e5335cf8bbb", "fields": {"data": "its truee", "document": null, "person": null, "is_consent": true, "created_at": "2025-03-05T10:29:33.146Z", "updated_at": "2025-03-05T10:29:33.146Z", "created_by": null, "updated_by": null}}, {"model": "Mainapp.consent", "pk": "3373311c-07ae-48d2-b552-9696cb95de55", "fields": {"data": "aaaaaaaa", "document": null, "person": null, "is_consent": false, "created_at": "2025-03-03T07:09:22.344Z", "updated_at": "2025-03-03T07:09:22.344Z", "created_by": null, "updated_by": null}}, {"model": "Mainapp.consent", "pk": "35618fef-4ae0-4997-a917-ee1dd93a8eb1", "fields": {"data": "its truee", "document": null, "person": "5c72d565-cfce-4d5a-aa7a-f6c9a63e0e0f", "is_consent": true, "created_at": "2025-03-06T09:05:58.579Z", "updated_at": "2025-03-06T09:05:58.580Z", "created_by": null, "updated_by": null}}, {"model": "Mainapp.consent", "pk": "3764d413-fb4f-4ee5-aa5e-6cda21476327", "fields": {"data": "its truee", "document": null, "person": "462f8299-3b1a-4bde-92d5-04add89dfa78", "is_consent": true, "created_at": "2025-03-06T09:05:34.667Z", "updated_at": "2025-03-06T09:05:34.667Z", "created_by": null, "updated_by": null}}, {"model": "Mainapp.consent", "pk": "390a1331-ae4a-4b4d-86f9-c4f3c843670d", "fields": {"data": "its truee", "document": null, "person": null, "is_consent": true, "created_at": "2025-03-05T06:28:30.350Z", "updated_at": "2025-03-05T06:28:30.350Z", "created_by": null, "updated_by": null}}, {"model": "Mainapp.consent", "pk": "3d1d256a-8178-4a89-b25a-e9e3847e126a", "fields": {"data": "its truee", "document": null, "person": "380a4d89-17b5-4338-b9ac-4f3bd7bca904", "is_consent": true, "created_at": "2025-03-06T09:05:08.262Z", "updated_at": "2025-03-06T09:05:08.262Z", "created_by": null, "updated_by": null}}, {"model": "Mainapp.consent", "pk": "43f26bf7-e3a3-46e3-9fe5-7a6269e07808", "fields": {"data": "its truee", "document": null, "person": null, "is_consent": true, "created_at": "2025-03-05T09:00:00.193Z", "updated_at": "2025-03-05T09:00:00.193Z", "created_by": null, "updated_by": null}}, {"model": "Mainapp.consent", "pk": "45b1b752-3cb5-4eb5-b3e0-c87448931c07", "fields": {"data": "", "document": null, "person": null, "is_consent": true, "created_at": "2025-03-06T05:26:02.034Z", "updated_at": "2025-03-06T05:26:02.034Z", "created_by": null, "updated_by": null}}, {"model": "Mainapp.consent", "pk": "52adc03a-11ee-44ff-adcd-f233c7c8fc36", "fields": {"data": "its truee", "document": null, "person": "243bb459-73a5-49f6-98ca-f345044cd67b", "is_consent": true, "created_at": "2025-03-06T08:59:43.827Z", "updated_at": "2025-03-06T08:59:43.827Z", "created_by": null, "updated_by": null}}, {"model": "Mainapp.consent", "pk": "61bd94e5-14e5-4a0e-be95-c50bb61a3e76", "fields": {"data": "paragraph", "document": null, "person": null, "is_consent": true, "created_at": "2025-03-03T04:48:35.952Z", "updated_at": "2025-03-03T04:48:35.952Z", "created_by": null, "updated_by": null}}, {"model": "Mainapp.consent", "pk": "6451dd7a-41a3-4657-9a42-ba14a4626805", "fields": {"data": "its truee", "document": null, "person": null, "is_consent": true, "created_at": "2025-03-05T06:41:25.918Z", "updated_at": "2025-03-05T06:41:25.918Z", "created_by": null, "updated_by": null}}, {"model": "Mainapp.consent", "pk": "6702b8d7-7fed-451d-b8b4-213025dbc5f3", "fields": {"data": "its truee", "document": null, "person": null, "is_consent": true, "created_at": "2025-03-06T11:56:56.477Z", "updated_at": "2025-03-06T11:56:56.477Z", "created_by": null, "updated_by": null}}, {"model": "Mainapp.consent", "pk": "69297a9f-93f6-45a4-a4d2-ba61ccefbe5f", "fields": {"data": "its truee", "document": null, "person": null, "is_consent": true, "created_at": "2025-03-06T08:58:46.045Z", "updated_at": "2025-03-06T08:58:46.045Z", "created_by": null, "updated_by": null}}, {"model": "Mainapp.consent", "pk": "761c3f7f-4880-4c29-bc62-5363e7532eb4", "fields": {"data": "its truee", "document": null, "person": "784c27d1-fb58-42e7-8732-3f6fdb670d5e", "is_consent": true, "created_at": "2025-03-06T09:04:37.077Z", "updated_at": "2025-03-06T09:04:37.077Z", "created_by": null, "updated_by": null}}, {"model": "Mainapp.consent", "pk": "7a30ba4c-8ba7-4cbb-b92e-4895120b2cde", "fields": {"data": "its truee", "document": null, "person": null, "is_consent": true, "created_at": "2025-03-05T09:18:09.617Z", "updated_at": "2025-03-05T09:18:09.617Z", "created_by": null, "updated_by": null}}, {"model": "Mainapp.consent", "pk": "95553cf3-6ec0-4daf-8962-99086498522d", "fields": {"data": "its truee", "document": null, "person": null, "is_consent": true, "created_at": "2025-03-06T05:26:55.201Z", "updated_at": "2025-03-06T05:26:55.201Z", "created_by": null, "updated_by": null}}, {"model": "Mainapp.consent", "pk": "96f53fda-16ff-44bc-872d-5dd7cf04db15", "fields": {"data": "Information is verified", "document": null, "person": "210c46d3-7cac-44c7-b0a1-5244af37ddd1", "is_consent": true, "created_at": "2025-03-06T12:19:53.138Z", "updated_at": "2025-03-06T12:19:53.138Z", "created_by": null, "updated_by": null}}, {"model": "Mainapp.consent", "pk": "9afc1704-66c1-412d-ba0f-40cd2c456ff5", "fields": {"data": "aa", "document": null, "person": null, "is_consent": true, "created_at": "2025-03-05T06:24:54.852Z", "updated_at": "2025-03-05T06:24:54.852Z", "created_by": null, "updated_by": null}}, {"model": "Mainapp.consent", "pk": "9ce5c7e6-c879-464e-84b5-b8720009b804", "fields": {"data": "its truee", "document": null, "person": null, "is_consent": true, "created_at": "2025-03-05T06:47:52.423Z", "updated_at": "2025-03-05T06:47:52.423Z", "created_by": null, "updated_by": null}}, {"model": "Mainapp.consent", "pk": "acfe16aa-477e-4675-a7fa-8bbecd01f4b8", "fields": {"data": "Details provided by parents", "document": null, "person": "57d3ee94-b22d-4e14-bdea-03fe68a97d6e", "is_consent": true, "created_at": "2025-03-06T12:29:24.022Z", "updated_at": "2025-03-06T12:29:24.023Z", "created_by": null, "updated_by": null}}, {"model": "Mainapp.consent", "pk": "b33ea971-9643-4a9e-b133-c177ce714e1d", "fields": {"data": "its truee", "document": null, "person": null, "is_consent": true, "created_at": "2025-03-05T06:46:51.978Z", "updated_at": "2025-03-05T06:46:51.978Z", "created_by": null, "updated_by": null}}, {"model": "Mainapp.consent", "pk": "b9b7f915-ae2c-4283-805a-bcdc9d0ce1c4", "fields": {"data": "Information is verified", "document": null, "person": null, "is_consent": true, "created_at": "2025-03-06T12:06:02.553Z", "updated_at": "2025-03-06T12:06:02.555Z", "created_by": null, "updated_by": null}}, {"model": "Mainapp.consent", "pk": "bac6dbbf-5935-45d8-b3b6-cb0df8de20c5", "fields": {"data": "its truee", "document": null, "person": "53bfaa36-7582-4956-bc44-aeb891c24a13", "is_consent": true, "created_at": "2025-03-05T09:09:15.676Z", "updated_at": "2025-03-05T09:09:15.676Z", "created_by": null, "updated_by": null}}, {"model": "Mainapp.consent", "pk": "c3443799-d635-4242-b916-186a1e5422ad", "fields": {"data": null, "document": "e522d9f3-95a6-4b6a-b76f-0b3f4c33bde1", "person": null, "is_consent": true, "created_at": "2025-03-03T09:43:33.357Z", "updated_at": "2025-03-03T09:43:33.357Z", "created_by": null, "updated_by": null}}, {"model": "Mainapp.consent", "pk": "c4876acf-b988-46d0-90ce-21a42ac00db4", "fields": {"data": "Information is verified", "document": null, "person": "a5eb0443-180e-415c-a5b8-d2b81dac187c", "is_consent": true, "created_at": "2025-03-06T12:41:20.007Z", "updated_at": "2025-03-06T12:41:20.007Z", "created_by": null, "updated_by": null}}, {"model": "Mainapp.consent", "pk": "cdb0b587-14ff-4dc0-b11d-0270de980373", "fields": {"data": "Information is verified", "document": null, "person": "97272191-482c-42a6-8547-b93fdefaaba6", "is_consent": true, "created_at": "2025-03-06T12:08:49.932Z", "updated_at": "2025-03-06T12:08:49.932Z", "created_by": null, "updated_by": null}}, {"model": "Mainapp.consent", "pk": "cfc003c0-002d-41d7-b3c4-af310540d4bd", "fields": {"data": "Family has given consent", "document": null, "person": "f22488bb-b83e-42e4-93a6-709b31bb8bf4", "is_consent": true, "created_at": "2025-03-06T12:44:58.249Z", "updated_at": "2025-03-06T12:44:58.249Z", "created_by": null, "updated_by": null}}, {"model": "Mainapp.consent", "pk": "d4d2973e-bda9-4519-b5af-242097ee2fbd", "fields": {"data": "its truee", "document": null, "person": null, "is_consent": true, "created_at": "2025-03-06T11:54:37.492Z", "updated_at": "2025-03-06T11:54:37.492Z", "created_by": null, "updated_by": null}}, {"model": "Mainapp.consent", "pk": "e036f29a-c8de-4160-b991-7cc1fbda03c8", "fields": {"data": "Information is verified", "document": null, "person": null, "is_consent": true, "created_at": "2025-03-06T12:07:29.538Z", "updated_at": "2025-03-06T12:07:29.538Z", "created_by": null, "updated_by": null}}, {"model": "Mainapp.consent", "pk": "e1a8238d-1295-4b84-ad92-3ab2b4889837", "fields": {"data": "its truee", "document": null, "person": null, "is_consent": true, "created_at": "2025-03-06T08:59:14.390Z", "updated_at": "2025-03-06T08:59:14.390Z", "created_by": null, "updated_by": null}}, {"model": "Mainapp.consent", "pk": "e8dc2472-cec3-48ac-aa25-5738de0146da", "fields": {"data": "its truee", "document": null, "person": "19f423ff-62f2-4c9d-9068-5f058507a7d2", "is_consent": true, "created_at": "2025-03-06T09:03:24.694Z", "updated_at": "2025-03-06T09:03:24.694Z", "created_by": null, "updated_by": null}}, {"model": "Mainapp.consent", "pk": "f25726d6-da69-49c3-a19d-05104a7250b3", "fields": {"data": "its truee", "document": null, "person": "977b76d5-f4c7-4955-b239-b232ace34b39", "is_consent": true, "created_at": "2025-03-05T09:14:09.972Z", "updated_at": "2025-03-05T09:14:09.973Z", "created_by": null, "updated_by": null}}, {"model": "Mainapp.consent", "pk": "f387de0d-58b3-4f1b-b511-1f2ebbe768d5", "fields": {"data": "its truee", "document": null, "person": "b9b7ac37-fd7a-4cdb-a983-200131d1373b", "is_consent": true, "created_at": "2025-03-06T09:00:25.758Z", "updated_at": "2025-03-06T09:00:25.758Z", "created_by": null, "updated_by": null}}, {"model": "Mainapp.fir", "pk": "096c612f-3efc-43a6-9532-814402ba2e3d", "fields": {"fir_number": "14785", "case_status": "Resolved", "investigation_officer_name": "", "investigation_officer_contact": null, "police_station": null, "document": null, "person": "53bfaa36-7582-4956-bc44-aeb891c24a13", "created_at": "2025-03-05T09:09:15.673Z", "updated_at": "2025-03-05T09:09:15.673Z", "created_by": null, "updated_by": null}}, {"model": "Mainapp.fir", "pk": "145e1818-8b74-4803-95b8-05cd108eb269", "fields": {"fir_number": "14785", "case_status": "Resolved", "investigation_officer_name": "", "investigation_officer_contact": null, "police_station": null, "document": null, "person": "380a4d89-17b5-4338-b9ac-4f3bd7bca904", "created_at": "2025-03-06T09:05:08.258Z", "updated_at": "2025-03-06T09:05:08.258Z", "created_by": null, "updated_by": null}}, {"model": "Mainapp.fir", "pk": "1efa35a4-768e-4273-87de-4802b7606334", "fields": {"fir_number": "14785", "case_status": "Resolved", "investigation_officer_name": "", "investigation_officer_contact": null, "police_station": null, "document": null, "person": null, "created_at": "2025-03-05T06:28:30.345Z", "updated_at": "2025-03-05T06:28:30.345Z", "created_by": null, "updated_by": null}}, {"model": "Mainapp.fir", "pk": "2e8b55db-0e53-4cef-988e-e6136bd2fd55", "fields": {"fir_number": "14785", "case_status": "Resolved", "investigation_officer_name": "", "investigation_officer_contact": null, "police_station": null, "document": null, "person": null, "created_at": "2025-03-06T11:54:37.486Z", "updated_at": "2025-03-06T11:54:37.486Z", "created_by": null, "updated_by": null}}, {"model": "Mainapp.fir", "pk": "320a04f6-acd6-44ec-b3d5-4b41059f29dd", "fields": {"fir_number": "14785", "case_status": "Resolved", "investigation_officer_name": "", "investigation_officer_contact": null, "police_station": null, "document": null, "person": null, "created_at": "2025-03-05T06:47:52.419Z", "updated_at": "2025-03-05T06:47:52.419Z", "created_by": null, "updated_by": null}}, {"model": "Mainapp.fir", "pk": "46926e2f-b8e7-4462-8d89-9c299c30f1cf", "fields": {"fir_number": "14785", "case_status": "Resolved", "investigation_officer_name": "", "investigation_officer_contact": null, "police_station": null, "document": null, "person": null, "created_at": "2025-03-06T08:59:14.387Z", "updated_at": "2025-03-06T08:59:14.387Z", "created_by": null, "updated_by": null}}, {"model": "Mainapp.fir", "pk": "4f24eeac-3560-4237-99b8-31c0f73a60da", "fields": {"fir_number": "14785", "case_status": "Resolved", "investigation_officer_name": "", "investigation_officer_contact": null, "police_station": null, "document": null, "person": null, "created_at": "2025-03-05T09:18:09.614Z", "updated_at": "2025-03-05T09:18:09.614Z", "created_by": null, "updated_by": null}}, {"model": "Mainapp.fir", "pk": "511ebc5d-ea74-4b21-a314-665a907131dd", "fields": {"fir_number": "67890", "case_status": "Under Investigation", "investigation_officer_name": null, "investigation_officer_contact": null, "police_station": null, "document": null, "person": "f22488bb-b83e-42e4-93a6-709b31bb8bf4", "created_at": "2025-03-06T12:44:58.245Z", "updated_at": "2025-03-06T12:44:58.245Z", "created_by": null, "updated_by": null}}, {"model": "Mainapp.fir", "pk": "52c6ed75-653a-40ba-a452-26ec40e20968", "fields": {"fir_number": "14785", "case_status": "Resolved", "investigation_officer_name": "", "investigation_officer_contact": null, "police_station": null, "document": null, "person": "977b76d5-f4c7-4955-b239-b232ace34b39", "created_at": "2025-03-05T09:14:09.970Z", "updated_at": "2025-03-05T09:14:09.970Z", "created_by": null, "updated_by": null}}, {"model": "Mainapp.fir", "pk": "6a34933c-680f-41f1-9237-5d315a60ca61", "fields": {"fir_number": "23698", "case_status": "Pending", "investigation_officer_name": "Rajesh Patil", "investigation_officer_contact": null, "police_station": null, "document": null, "person": "97272191-482c-42a6-8547-b93fdefaaba6", "created_at": "2025-03-06T12:08:49.929Z", "updated_at": "2025-03-06T12:08:49.929Z", "created_by": null, "updated_by": null}}, {"model": "Mainapp.fir", "pk": "720363bb-741c-4c65-81d1-e378fcacd4f9", "fields": {"fir_number": "14785", "case_status": "Resolved", "investigation_officer_name": "", "investigation_officer_contact": null, "police_station": null, "document": null, "person": null, "created_at": "2025-03-05T06:24:54.848Z", "updated_at": "2025-03-05T06:24:54.848Z", "created_by": null, "updated_by": null}}, {"model": "Mainapp.fir", "pk": "7cb5152b-21cc-4676-a125-b740a5bdad63", "fields": {"fir_number": "12389", "case_status": "Pending", "investigation_officer_name": null, "investigation_officer_contact": null, "police_station": null, "document": null, "person": "57d3ee94-b22d-4e14-bdea-03fe68a97d6e", "created_at": "2025-03-06T12:29:24.019Z", "updated_at": "2025-03-06T12:29:24.019Z", "created_by": null, "updated_by": null}}, {"model": "Mainapp.fir", "pk": "82805c5d-a283-4c5c-baa5-3f874e49983a", "fields": {"fir_number": "1234", "case_status": "Pending", "investigation_officer_name": "", "investigation_officer_contact": null, "police_station": null, "document": null, "person": null, "created_at": "2025-03-03T07:09:22.338Z", "updated_at": "2025-03-03T07:09:22.338Z", "created_by": null, "updated_by": null}}, {"model": "Mainapp.fir", "pk": "868f32cb-3058-432b-92c3-5d5e2570fef4", "fields": {"fir_number": "23698", "case_status": "Pending", "investigation_officer_name": null, "investigation_officer_contact": null, "police_station": null, "document": null, "person": "210c46d3-7cac-44c7-b0a1-5244af37ddd1", "created_at": "2025-03-06T12:19:53.132Z", "updated_at": "2025-03-06T12:19:53.132Z", "created_by": null, "updated_by": null}}, {"model": "Mainapp.fir", "pk": "8ab43dd4-35ff-483c-b7ca-b8568dec3134", "fields": {"fir_number": "23698", "case_status": "Pending", "investigation_officer_name": "Rajesh Patil", "investigation_officer_contact": null, "police_station": null, "document": null, "person": null, "created_at": "2025-03-06T12:06:02.549Z", "updated_at": "2025-03-06T12:06:02.549Z", "created_by": null, "updated_by": null}}, {"model": "Mainapp.fir", "pk": "92ee0470-12b4-418d-8c2f-6d265608189a", "fields": {"fir_number": "14785", "case_status": "Resolved", "investigation_officer_name": "", "investigation_officer_contact": null, "police_station": null, "document": null, "person": "243bb459-73a5-49f6-98ca-f345044cd67b", "created_at": "2025-03-06T08:59:43.824Z", "updated_at": "2025-03-06T08:59:43.824Z", "created_by": null, "updated_by": null}}, {"model": "Mainapp.fir", "pk": "9f83b02e-2f29-4756-9123-bee5318618d5", "fields": {"fir_number": "14785", "case_status": "Resolved", "investigation_officer_name": "", "investigation_officer_contact": null, "police_station": null, "document": null, "person": null, "created_at": "2025-03-06T05:26:55.191Z", "updated_at": "2025-03-06T05:26:55.191Z", "created_by": null, "updated_by": null}}, {"model": "Mainapp.fir", "pk": "9fc5fbb3-6fcc-4aab-8790-95a7cc949c6d", "fields": {"fir_number": "14785", "case_status": "Resolved", "investigation_officer_name": "", "investigation_officer_contact": null, "police_station": null, "document": null, "person": null, "created_at": "2025-03-06T08:58:46.040Z", "updated_at": "2025-03-06T08:58:46.041Z", "created_by": null, "updated_by": null}}, {"model": "Mainapp.fir", "pk": "a347f2f9-bf82-4f34-bc52-9860c816026f", "fields": {"fir_number": "14785", "case_status": "Resolved", "investigation_officer_name": "", "investigation_officer_contact": null, "police_station": null, "document": null, "person": null, "created_at": "2025-03-06T11:56:56.473Z", "updated_at": "2025-03-06T11:56:56.473Z", "created_by": null, "updated_by": null}}, {"model": "Mainapp.fir", "pk": "aa011792-6883-4a21-85de-6cc690df2f6c", "fields": {"fir_number": "23698", "case_status": "Pending", "investigation_officer_name": "Rajesh Patil", "investigation_officer_contact": null, "police_station": null, "document": null, "person": null, "created_at": "2025-03-06T12:07:29.533Z", "updated_at": "2025-03-06T12:07:29.533Z", "created_by": null, "updated_by": null}}, {"model": "Mainapp.fir", "pk": "b01ce49a-3536-4b8b-9536-ad9d6869308e", "fields": {"fir_number": "14785", "case_status": "Resolved", "investigation_officer_name": "", "investigation_officer_contact": null, "police_station": null, "document": null, "person": "784c27d1-fb58-42e7-8732-3f6fdb670d5e", "created_at": "2025-03-06T09:04:37.073Z", "updated_at": "2025-03-06T09:04:37.073Z", "created_by": null, "updated_by": null}}, {"model": "Mainapp.fir", "pk": "b46a10fd-75d4-4a71-8eba-0366e25b6f1b", "fields": {"fir_number": "14785", "case_status": "Resolved", "investigation_officer_name": "", "investigation_officer_contact": null, "police_station": null, "document": null, "person": null, "created_at": "2025-03-05T09:00:00.190Z", "updated_at": "2025-03-05T09:00:00.190Z", "created_by": null, "updated_by": null}}, {"model": "Mainapp.fir", "pk": "ba8654eb-9d23-44d2-a6af-08aa9d0ada0b", "fields": {"fir_number": "14785", "case_status": "Resolved", "investigation_officer_name": "", "investigation_officer_contact": null, "police_station": null, "document": null, "person": null, "created_at": "2025-03-05T10:29:33.140Z", "updated_at": "2025-03-05T10:29:33.140Z", "created_by": null, "updated_by": null}}, {"model": "Mainapp.fir", "pk": "c1fadd52-5e81-4a7e-af09-65233d59ff4b", "fields": {"fir_number": "12345", "case_status": "Pending", "investigation_officer_name": null, "investigation_officer_contact": null, "police_station": null, "document": null, "person": "a5eb0443-180e-415c-a5b8-d2b81dac187c", "created_at": "2025-03-06T12:41:20.004Z", "updated_at": "2025-03-06T12:41:20.004Z", "created_by": null, "updated_by": null}}, {"model": "Mainapp.fir", "pk": "c64075d3-e1de-4983-96e5-e45e8237b7c0", "fields": {"fir_number": "45612", "case_status": "Under Investigation", "investigation_officer_name": null, "investigation_officer_contact": null, "police_station": null, "document": null, "person": "8ab716b4-69ab-4260-91f4-7cf3762208c0", "created_at": "2025-03-06T12:27:49.255Z", "updated_at": "2025-03-06T12:27:49.255Z", "created_by": null, "updated_by": null}}, {"model": "Mainapp.fir", "pk": "ca957491-be20-49ac-bad9-bf4cb9fc6051", "fields": {"fir_number": "14785", "case_status": "Resolved", "investigation_officer_name": "", "investigation_officer_contact": null, "police_station": null, "document": null, "person": "b9b7ac37-fd7a-4cdb-a983-200131d1373b", "created_at": "2025-03-06T09:00:25.754Z", "updated_at": "2025-03-06T09:00:25.754Z", "created_by": null, "updated_by": null}}, {"model": "Mainapp.fir", "pk": "ccd9c4ff-5a92-4b8d-af7a-c6a1ed25a0b8", "fields": {"fir_number": "14785", "case_status": "Resolved", "investigation_officer_name": "", "investigation_officer_contact": null, "police_station": null, "document": null, "person": null, "created_at": "2025-03-05T06:46:51.973Z", "updated_at": "2025-03-05T06:46:51.973Z", "created_by": null, "updated_by": null}}, {"model": "Mainapp.fir", "pk": "d695001b-7af4-44d5-9dd5-e4f14deccfc5", "fields": {"fir_number": "14785", "case_status": "Resolved", "investigation_officer_name": "", "investigation_officer_contact": null, "police_station": null, "document": null, "person": "462f8299-3b1a-4bde-92d5-04add89dfa78", "created_at": "2025-03-06T09:05:34.663Z", "updated_at": "2025-03-06T09:05:34.663Z", "created_by": null, "updated_by": null}}, {"model": "Mainapp.fir", "pk": "e40f6ec4-7f06-48cf-bc6a-b1d23444969b", "fields": {"fir_number": "14785", "case_status": "Resolved", "investigation_officer_name": "", "investigation_officer_contact": null, "police_station": null, "document": null, "person": null, "created_at": "2025-03-05T06:41:25.914Z", "updated_at": "2025-03-05T06:41:25.914Z", "created_by": null, "updated_by": null}}, {"model": "Mainapp.fir", "pk": "e4b0bc34-6468-4e08-aa1d-4c89a78eeae2", "fields": {"fir_number": "14785", "case_status": "Resolved", "investigation_officer_name": "", "investigation_officer_contact": null, "police_station": null, "document": null, "person": "19f423ff-62f2-4c9d-9068-5f058507a7d2", "created_at": "2025-03-06T09:03:24.691Z", "updated_at": "2025-03-06T09:03:24.691Z", "created_by": null, "updated_by": null}}, {"model": "Mainapp.fir", "pk": "e6f39084-33c7-42c8-a000-571c9e33b3b9", "fields": {"fir_number": "14785", "case_status": "Resolved", "investigation_officer_name": "", "investigation_officer_contact": null, "police_station": null, "document": null, "person": "5c72d565-cfce-4d5a-aa7a-f6c9a63e0e0f", "created_at": "2025-03-06T09:05:58.576Z", "updated_at": "2025-03-06T09:05:58.576Z", "created_by": null, "updated_by": null}}, {"model": "Mainapp.fir", "pk": "fb6b43ee-05a1-417c-83e2-db3814e36abe", "fields": {"fir_number": "14785", "case_status": "Closed", "investigation_officer_name": "", "investigation_officer_contact": null, "police_station": null, "document": null, "person": null, "created_at": "2025-03-03T04:48:35.945Z", "updated_at": "2025-03-03T04:48:35.945Z", "created_by": null, "updated_by": null}}, {"model": "Mainapp.lastknowndetails", "pk": "035bd166-3c9b-47b3-9c27-112630c3cc74", "fields": {"person_photo": "", "reference_photo": "", "missing_time": "11:56:00", "missing_date": "2025-03-26", "last_seen_location": "Pue", "missing_location_details": "", "address": null, "person": null, "created_at": "2025-03-05T06:28:30.338Z", "updated_at": "2025-03-05T06:28:30.338Z", "created_by": null, "updated_by": null}}, {"model": "Mainapp.lastknowndetails", "pk": "06fb9e78-ed7c-4f62-baf7-fe157411b12a", "fields": {"person_photo": "", "reference_photo": "", "missing_time": "11:56:00", "missing_date": "2025-03-26", "last_seen_location": "Pune", "missing_location_details": "abc", "address": null, "person": null, "created_at": "2025-03-05T10:29:33.133Z", "updated_at": "2025-03-05T10:29:33.133Z", "created_by": null, "updated_by": null}}, {"model": "Mainapp.lastknowndetails", "pk": "1bc4baab-81b5-4410-8db4-96a08ffb3011", "fields": {"person_photo": "", "reference_photo": "", "missing_time": "10:15:00", "missing_date": "2025-02-28", "last_seen_location": "Nagpur", "missing_location_details": "Near Nagpur Railway Station", "address": null, "person": "f22488bb-b83e-42e4-93a6-709b31bb8bf4", "created_at": "2025-03-06T12:44:58.241Z", "updated_at": "2025-03-06T12:44:58.241Z", "created_by": null, "updated_by": null}}, {"model": "Mainapp.lastknowndetails", "pk": "2074ee75-6644-4b19-90d7-d62a9ff30cf5", "fields": {"person_photo": "", "reference_photo": "", "missing_time": "11:56:00", "missing_date": "2025-03-26", "last_seen_location": "Pue", "missing_location_details": "", "address": null, "person": null, "created_at": "2025-03-05T06:46:51.967Z", "updated_at": "2025-03-05T06:46:51.967Z", "created_by": null, "updated_by": null}}, {"model": "Mainapp.lastknowndetails", "pk": "234f0d77-1911-46b8-83a7-8afff13c288a", "fields": {"person_photo": "", "reference_photo": "", "missing_time": "11:56:00", "missing_date": "2025-03-26", "last_seen_location": "Pune", "missing_location_details": "abc", "address": null, "person": "462f8299-3b1a-4bde-92d5-04add89dfa78", "created_at": "2025-03-06T09:05:34.660Z", "updated_at": "2025-03-06T09:05:34.660Z", "created_by": null, "updated_by": null}}, {"model": "Mainapp.lastknowndetails", "pk": "2437ee69-6eff-4670-87cb-ac09d822c979", "fields": {"person_photo": "", "reference_photo": "", "missing_time": "11:56:00", "missing_date": "2025-03-26", "last_seen_location": "Pune", "missing_location_details": "abc", "address": null, "person": "5c72d565-cfce-4d5a-aa7a-f6c9a63e0e0f", "created_at": "2025-03-06T09:05:58.573Z", "updated_at": "2025-03-06T09:05:58.573Z", "created_by": null, "updated_by": null}}, {"model": "Mainapp.lastknowndetails", "pk": "3917c417-77c6-4041-a318-1df1d09c1e43", "fields": {"person_photo": "All_Photos/person3_b1jnTIA.jpeg", "reference_photo": "All_Photos/person3.jpeg", "missing_time": "10:20:00", "missing_date": "2025-02-23", "last_seen_location": "paragraph", "missing_location_details": "paragraph", "address": null, "person": null, "created_at": "2025-03-03T04:48:35.935Z", "updated_at": "2025-03-03T17:29:47.405Z", "created_by": null, "updated_by": null}}, {"model": "Mainapp.lastknowndetails", "pk": "55b6514a-daaa-4796-b9e9-54f5e41a3525", "fields": {"person_photo": "", "reference_photo": "", "missing_time": "10:56:00", "missing_date": "2025-03-16", "last_seen_location": "", "missing_location_details": "", "address": null, "person": null, "created_at": "2025-03-05T06:24:54.842Z", "updated_at": "2025-03-05T06:24:54.842Z", "created_by": null, "updated_by": null}}, {"model": "Mainapp.lastknowndetails", "pk": "57785f59-703d-4573-89a2-d12bd30de316", "fields": {"person_photo": "", "reference_photo": "", "missing_time": "11:56:00", "missing_date": "2025-03-26", "last_seen_location": "Pune", "missing_location_details": "abc", "address": null, "person": "380a4d89-17b5-4338-b9ac-4f3bd7bca904", "created_at": "2025-03-06T09:05:08.256Z", "updated_at": "2025-03-06T09:05:08.256Z", "created_by": null, "updated_by": null}}, {"model": "Mainapp.lastknowndetails", "pk": "6f83f10b-0925-4ae9-b9b6-7e0afdc84633", "fields": {"person_photo": "", "reference_photo": "", "missing_time": "11:56:00", "missing_date": "2025-03-26", "last_seen_location": "Pune", "missing_location_details": "abc", "address": null, "person": "b9b7ac37-fd7a-4cdb-a983-200131d1373b", "created_at": "2025-03-06T09:00:25.750Z", "updated_at": "2025-03-06T09:00:25.750Z", "created_by": null, "updated_by": null}}, {"model": "Mainapp.lastknowndetails", "pk": "6f986561-8288-4fd6-86fc-14f5ab68c636", "fields": {"person_photo": "", "reference_photo": "", "missing_time": "09:30:00", "missing_date": "2025-02-15", "last_seen_location": "Pune", "missing_location_details": "Near Railway Station", "address": null, "person": null, "created_at": "2025-03-06T12:06:02.546Z", "updated_at": "2025-03-06T12:06:02.546Z", "created_by": null, "updated_by": null}}, {"model": "Mainapp.lastknowndetails", "pk": "7278355d-70f9-471f-9dd7-0f8e01531b8e", "fields": {"person_photo": "", "reference_photo": "", "missing_time": "09:30:00", "missing_date": "2025-02-15", "last_seen_location": "Pune", "missing_location_details": "Near Railway Station", "address": null, "person": "97272191-482c-42a6-8547-b93fdefaaba6", "created_at": "2025-03-06T12:08:49.926Z", "updated_at": "2025-03-06T12:08:49.926Z", "created_by": null, "updated_by": null}}, {"model": "Mainapp.lastknowndetails", "pk": "733dfaac-3071-4396-9568-8ac1156f73e6", "fields": {"person_photo": "", "reference_photo": "", "missing_time": "11:56:00", "missing_date": "2025-03-26", "last_seen_location": "Pune", "missing_location_details": "abc", "address": null, "person": "19f423ff-62f2-4c9d-9068-5f058507a7d2", "created_at": "2025-03-06T09:03:24.688Z", "updated_at": "2025-03-06T09:03:24.688Z", "created_by": null, "updated_by": null}}, {"model": "Mainapp.lastknowndetails", "pk": "73d6c1e5-989e-40fc-92f5-d1838fd2b784", "fields": {"person_photo": "", "reference_photo": "", "missing_time": "11:56:00", "missing_date": "2025-03-26", "last_seen_location": "Pune", "missing_location_details": "abc", "address": null, "person": null, "created_at": "2025-03-05T09:18:09.610Z", "updated_at": "2025-03-05T09:18:09.610Z", "created_by": null, "updated_by": null}}, {"model": "Mainapp.lastknowndetails", "pk": "7eb6317e-329c-403c-b64f-6ec80dadae1a", "fields": {"person_photo": "", "reference_photo": "", "missing_time": "11:56:00", "missing_date": "2025-03-26", "last_seen_location": "Pune", "missing_location_details": "abc", "address": null, "person": null, "created_at": "2025-03-06T05:26:55.174Z", "updated_at": "2025-03-06T05:26:55.174Z", "created_by": null, "updated_by": null}}, {"model": "Mainapp.lastknowndetails", "pk": "99d9794f-340e-4699-967a-89cdb06aa4b7", "fields": {"person_photo": "", "reference_photo": "", "missing_time": "11:56:00", "missing_date": "2025-03-26", "last_seen_location": "Pune", "missing_location_details": "abc", "address": null, "person": "784c27d1-fb58-42e7-8732-3f6fdb670d5e", "created_at": "2025-03-06T09:04:37.070Z", "updated_at": "2025-03-06T09:04:37.070Z", "created_by": null, "updated_by": null}}, {"model": "Mainapp.lastknowndetails", "pk": "9f19e9e3-9aae-498a-b183-b3951259fe30", "fields": {"person_photo": "", "reference_photo": "", "missing_time": "13:38:00", "missing_date": "2025-02-23", "last_seen_location": "vvvvvvvvvvvv", "missing_location_details": "aaaaaaaaaaaaaa", "address": null, "person": null, "created_at": "2025-03-03T07:09:22.333Z", "updated_at": "2025-03-03T07:09:22.333Z", "created_by": null, "updated_by": null}}, {"model": "Mainapp.lastknowndetails", "pk": "a5312da8-0838-45fa-9a33-e159736d01e5", "fields": {"person_photo": "", "reference_photo": "", "missing_time": "11:56:00", "missing_date": "2025-03-26", "last_seen_location": "Pune", "missing_location_details": "abc", "address": null, "person": "53bfaa36-7582-4956-bc44-aeb891c24a13", "created_at": "2025-03-05T09:09:15.668Z", "updated_at": "2025-03-05T09:09:15.668Z", "created_by": null, "updated_by": null}}, {"model": "Mainapp.lastknowndetails", "pk": "a8d35784-5762-4600-a947-eaf67e5dd08b", "fields": {"person_photo": "", "reference_photo": "", "missing_time": "11:56:00", "missing_date": "2025-03-26", "last_seen_location": "Pune", "missing_location_details": "abc", "address": null, "person": "243bb459-73a5-49f6-98ca-f345044cd67b", "created_at": "2025-03-06T08:59:43.821Z", "updated_at": "2025-03-06T08:59:43.821Z", "created_by": null, "updated_by": null}}, {"model": "Mainapp.lastknowndetails", "pk": "ac6f05c3-649c-4aa1-bb5f-3c2752810f42", "fields": {"person_photo": "", "reference_photo": "", "missing_time": "11:56:00", "missing_date": "2025-03-26", "last_seen_location": "Pue", "missing_location_details": "", "address": null, "person": null, "created_at": "2025-03-05T06:47:52.414Z", "updated_at": "2025-03-05T06:47:52.414Z", "created_by": null, "updated_by": null}}, {"model": "Mainapp.lastknowndetails", "pk": "bd18fbec-eda4-4de0-a879-703ab6c065a2", "fields": {"person_photo": "", "reference_photo": "", "missing_time": "11:56:00", "missing_date": "2025-03-26", "last_seen_location": "Pune", "missing_location_details": "abc", "address": null, "person": "977b76d5-f4c7-4955-b239-b232ace34b39", "created_at": "2025-03-05T09:14:09.965Z", "updated_at": "2025-03-05T09:14:09.965Z", "created_by": null, "updated_by": null}}, {"model": "Mainapp.lastknowndetails", "pk": "bf860710-e263-411c-aea8-9bd353da94c1", "fields": {"person_photo": "", "reference_photo": "", "missing_time": "11:56:00", "missing_date": "2025-03-26", "last_seen_location": "Pune", "missing_location_details": "abc", "address": null, "person": null, "created_at": "2025-03-06T08:59:14.384Z", "updated_at": "2025-03-06T08:59:14.384Z", "created_by": null, "updated_by": null}}, {"model": "Mainapp.lastknowndetails", "pk": "c8473a10-69b3-4a67-bf54-3103ea21ccf2", "fields": {"person_photo": "", "reference_photo": "", "missing_time": "09:30:00", "missing_date": "2025-02-15", "last_seen_location": "Pune", "missing_location_details": "Near Railway Station", "address": null, "person": "210c46d3-7cac-44c7-b0a1-5244af37ddd1", "created_at": "2025-03-06T12:19:53.125Z", "updated_at": "2025-03-06T12:19:53.125Z", "created_by": null, "updated_by": null}}, {"model": "Mainapp.lastknowndetails", "pk": "c8e6f5ee-a65f-4089-b0e5-972131b77ab4", "fields": {"person_photo": "", "reference_photo": "", "missing_time": "18:45:00", "missing_date": "2025-03-02", "last_seen_location": "Mumbai", "missing_location_details": "Near Bandra Station", "address": null, "person": "a5eb0443-180e-415c-a5b8-d2b81dac187c", "created_at": "2025-03-06T12:41:20.000Z", "updated_at": "2025-03-06T12:41:20.000Z", "created_by": null, "updated_by": null}}, {"model": "Mainapp.lastknowndetails", "pk": "cf06a6fe-6055-4b6e-985e-b0500d4f94eb", "fields": {"person_photo": "", "reference_photo": "", "missing_time": "11:56:00", "missing_date": "2025-03-26", "last_seen_location": "Pue", "missing_location_details": "", "address": null, "person": null, "created_at": "2025-03-05T06:41:25.909Z", "updated_at": "2025-03-05T06:41:25.909Z", "created_by": null, "updated_by": null}}, {"model": "Mainapp.lastknowndetails", "pk": "d224275c-9229-43ca-a9dd-28f5a533eb1b", "fields": {"person_photo": "", "reference_photo": "", "missing_time": "09:30:00", "missing_date": "2025-02-15", "last_seen_location": "Pune", "missing_location_details": "Near Railway Station", "address": null, "person": null, "created_at": "2025-03-06T12:07:29.529Z", "updated_at": "2025-03-06T12:07:29.529Z", "created_by": null, "updated_by": null}}, {"model": "Mainapp.lastknowndetails", "pk": "d4f4e461-0cbc-4cf9-a306-d0478f24f94e", "fields": {"person_photo": "", "reference_photo": "", "missing_time": "11:56:00", "missing_date": "2025-03-26", "last_seen_location": "Pune", "missing_location_details": "abc", "address": null, "person": null, "created_at": "2025-03-06T11:54:37.480Z", "updated_at": "2025-03-06T11:54:37.480Z", "created_by": null, "updated_by": null}}, {"model": "Mainapp.lastknowndetails", "pk": "d72e3cbb-cde1-4c99-a644-a50ff721b664", "fields": {"person_photo": "", "reference_photo": "", "missing_time": "11:56:00", "missing_date": "2025-03-26", "last_seen_location": "Pue", "missing_location_details": "", "address": null, "person": null, "created_at": "2025-03-05T09:00:00.187Z", "updated_at": "2025-03-05T09:00:00.187Z", "created_by": null, "updated_by": null}}, {"model": "Mainapp.lastknowndetails", "pk": "d73cde90-b61c-4da6-94c9-33c0859533f7", "fields": {"person_photo": "", "reference_photo": "", "missing_time": "11:56:00", "missing_date": "2025-03-26", "last_seen_location": "Pune", "missing_location_details": "abc", "address": null, "person": null, "created_at": "2025-03-06T08:58:46.037Z", "updated_at": "2025-03-06T08:58:46.037Z", "created_by": null, "updated_by": null}}, {"model": "Mainapp.lastknowndetails", "pk": "ed83f90a-1f1b-43c1-bd14-8094782c5593", "fields": {"person_photo": "", "reference_photo": "", "missing_time": "08:30:00", "missing_date": "2025-03-02", "last_seen_location": "Satara", "missing_location_details": "Near Kaas Plateau", "address": null, "person": "57d3ee94-b22d-4e14-bdea-03fe68a97d6e", "created_at": "2025-03-06T12:29:24.013Z", "updated_at": "2025-03-06T12:29:24.013Z", "created_by": null, "updated_by": null}}, {"model": "Mainapp.lastknowndetails", "pk": "f44dacdf-24c4-4ac0-9f4c-f71f6b412fc0", "fields": {"person_photo": "", "reference_photo": "", "missing_time": "20:10:00", "missing_date": "2025-03-05", "last_seen_location": "Thane", "missing_location_details": "Near Viviana Mall", "address": null, "person": "8ab716b4-69ab-4260-91f4-7cf3762208c0", "created_at": "2025-03-06T12:27:49.249Z", "updated_at": "2025-03-06T12:27:49.249Z", "created_by": null, "updated_by": null}}, {"model": "Mainapp.lastknowndetails", "pk": "f6bd87e4-1afb-4526-bc01-07b90bd0bbb5", "fields": {"person_photo": "", "reference_photo": "", "missing_time": "11:56:00", "missing_date": "2025-03-26", "last_seen_location": "Pune", "missing_location_details": "abc", "address": null, "person": null, "created_at": "2025-03-06T11:56:56.469Z", "updated_at": "2025-03-06T11:56:56.469Z", "created_by": null, "updated_by": null}}]